-- MySQL dump 10.13  Distrib 5.7.42, for Linux (x86_64)
--
-- Host: localhost    Database: blog
-- ------------------------------------------------------
-- Server version	5.7.42

/*!40101 SET @OLD_CHARACTER_SET_CLIENT=@@CHARACTER_SET_CLIENT */;
/*!40101 SET @OLD_CHARACTER_SET_RESULTS=@@CHARACTER_SET_RESULTS */;
/*!40101 SET @OLD_COLLATION_CONNECTION=@@COLLATION_CONNECTION */;
/*!40101 SET NAMES utf8 */;
/*!40103 SET @OLD_TIME_ZONE=@@TIME_ZONE */;
/*!40103 SET TIME_ZONE='+00:00' */;
/*!40014 SET @OLD_UNIQUE_CHECKS=@@UNIQUE_CHECKS, UNIQUE_CHECKS=0 */;
/*!40014 SET @OLD_FOREIGN_KEY_CHECKS=@@FOREIGN_KEY_CHECKS, FOREIGN_KEY_CHECKS=0 */;
/*!40101 SET @OLD_SQL_MODE=@@SQL_MODE, SQL_MODE='NO_AUTO_VALUE_ON_ZERO' */;
/*!40111 SET @OLD_SQL_NOTES=@@SQL_NOTES, SQL_NOTES=0 */;

--
-- Table structure for table `categories`
--

DROP TABLE IF EXISTS `categories`;
/*!40101 SET @saved_cs_client     = @@character_set_client */;
/*!40101 SET character_set_client = utf8 */;
CREATE TABLE `categories` (
  `id` bigint(20) unsigned NOT NULL AUTO_INCREMENT,
  `name` varchar(255) COLLATE utf8mb4_unicode_ci NOT NULL,
  `slug` varchar(255) COLLATE utf8mb4_unicode_ci NOT NULL,
  `created_at` timestamp NULL DEFAULT NULL,
  `updated_at` timestamp NULL DEFAULT NULL,
  PRIMARY KEY (`id`)
) ENGINE=InnoDB AUTO_INCREMENT=5 DEFAULT CHARSET=utf8mb4 COLLATE=utf8mb4_unicode_ci;
/*!40101 SET character_set_client = @saved_cs_client */;

--
-- Dumping data for table `categories`
--

LOCK TABLES `categories` WRITE;
/*!40000 ALTER TABLE `categories` DISABLE KEYS */;
INSERT INTO `categories` VALUES (1,'esse','esse','2023-05-24 22:33:21','2023-05-24 22:33:21'),(2,'unde','unde','2023-05-24 22:33:21','2023-05-24 22:33:21'),(3,'doloremque','doloremque','2023-05-24 22:33:21','2023-05-24 22:33:21'),(4,'dignissimos','dignissimos','2023-05-24 22:33:21','2023-05-24 22:33:21');
/*!40000 ALTER TABLE `categories` ENABLE KEYS */;
UNLOCK TABLES;

--
-- Table structure for table `failed_jobs`
--

DROP TABLE IF EXISTS `failed_jobs`;
/*!40101 SET @saved_cs_client     = @@character_set_client */;
/*!40101 SET character_set_client = utf8 */;
CREATE TABLE `failed_jobs` (
  `id` bigint(20) unsigned NOT NULL AUTO_INCREMENT,
  `uuid` varchar(255) COLLATE utf8mb4_unicode_ci NOT NULL,
  `connection` text COLLATE utf8mb4_unicode_ci NOT NULL,
  `queue` text COLLATE utf8mb4_unicode_ci NOT NULL,
  `payload` longtext COLLATE utf8mb4_unicode_ci NOT NULL,
  `exception` longtext COLLATE utf8mb4_unicode_ci NOT NULL,
  `failed_at` timestamp NOT NULL DEFAULT CURRENT_TIMESTAMP,
  PRIMARY KEY (`id`),
  UNIQUE KEY `failed_jobs_uuid_unique` (`uuid`)
) ENGINE=InnoDB DEFAULT CHARSET=utf8mb4 COLLATE=utf8mb4_unicode_ci;
/*!40101 SET character_set_client = @saved_cs_client */;

--
-- Dumping data for table `failed_jobs`
--

LOCK TABLES `failed_jobs` WRITE;
/*!40000 ALTER TABLE `failed_jobs` DISABLE KEYS */;
/*!40000 ALTER TABLE `failed_jobs` ENABLE KEYS */;
UNLOCK TABLES;

--
-- Table structure for table `images`
--

DROP TABLE IF EXISTS `images`;
/*!40101 SET @saved_cs_client     = @@character_set_client */;
/*!40101 SET character_set_client = utf8 */;
CREATE TABLE `images` (
  `id` bigint(20) unsigned NOT NULL AUTO_INCREMENT,
  `url` varchar(255) COLLATE utf8mb4_unicode_ci NOT NULL,
  `imageable_id` bigint(20) unsigned NOT NULL,
  `imageable_type` varchar(255) COLLATE utf8mb4_unicode_ci NOT NULL,
  `created_at` timestamp NULL DEFAULT NULL,
  `updated_at` timestamp NULL DEFAULT NULL,
  PRIMARY KEY (`id`)
) ENGINE=InnoDB DEFAULT CHARSET=utf8mb4 COLLATE=utf8mb4_unicode_ci;
/*!40101 SET character_set_client = @saved_cs_client */;

--
-- Dumping data for table `images`
--

LOCK TABLES `images` WRITE;
/*!40000 ALTER TABLE `images` DISABLE KEYS */;
/*!40000 ALTER TABLE `images` ENABLE KEYS */;
UNLOCK TABLES;

--
-- Table structure for table `migrations`
--

DROP TABLE IF EXISTS `migrations`;
/*!40101 SET @saved_cs_client     = @@character_set_client */;
/*!40101 SET character_set_client = utf8 */;
CREATE TABLE `migrations` (
  `id` int(10) unsigned NOT NULL AUTO_INCREMENT,
  `migration` varchar(255) COLLATE utf8mb4_unicode_ci NOT NULL,
  `batch` int(11) NOT NULL,
  PRIMARY KEY (`id`)
) ENGINE=InnoDB AUTO_INCREMENT=13 DEFAULT CHARSET=utf8mb4 COLLATE=utf8mb4_unicode_ci;
/*!40101 SET character_set_client = @saved_cs_client */;

--
-- Dumping data for table `migrations`
--

LOCK TABLES `migrations` WRITE;
/*!40000 ALTER TABLE `migrations` DISABLE KEYS */;
INSERT INTO `migrations` VALUES (1,'2014_10_12_000000_create_users_table',1),(2,'2014_10_12_100000_create_password_resets_table',1),(3,'2014_10_12_200000_add_two_factor_columns_to_users_table',1),(4,'2019_08_19_000000_create_failed_jobs_table',1),(5,'2019_12_14_000001_create_personal_access_tokens_table',1),(6,'2022_11_14_164728_create_sessions_table',1),(7,'2022_11_14_171143_create_categories_table',1),(8,'2022_11_14_171529_create_posts_table',1),(9,'2022_11_14_172453_create_tags_table',1),(10,'2022_11_14_172909_create_post_tag_table',1),(11,'2022_11_14_173316_create_images_table',1),(12,'2022_12_10_231346_create_permission_tables',1);
/*!40000 ALTER TABLE `migrations` ENABLE KEYS */;
UNLOCK TABLES;

--
-- Table structure for table `model_has_permissions`
--

DROP TABLE IF EXISTS `model_has_permissions`;
/*!40101 SET @saved_cs_client     = @@character_set_client */;
/*!40101 SET character_set_client = utf8 */;
CREATE TABLE `model_has_permissions` (
  `permission_id` bigint(20) unsigned NOT NULL,
  `model_type` varchar(255) COLLATE utf8mb4_unicode_ci NOT NULL,
  `model_id` bigint(20) unsigned NOT NULL,
  PRIMARY KEY (`permission_id`,`model_id`,`model_type`),
  KEY `model_has_permissions_model_id_model_type_index` (`model_id`,`model_type`),
  CONSTRAINT `model_has_permissions_permission_id_foreign` FOREIGN KEY (`permission_id`) REFERENCES `permissions` (`id`) ON DELETE CASCADE
) ENGINE=InnoDB DEFAULT CHARSET=utf8mb4 COLLATE=utf8mb4_unicode_ci;
/*!40101 SET character_set_client = @saved_cs_client */;

--
-- Dumping data for table `model_has_permissions`
--

LOCK TABLES `model_has_permissions` WRITE;
/*!40000 ALTER TABLE `model_has_permissions` DISABLE KEYS */;
/*!40000 ALTER TABLE `model_has_permissions` ENABLE KEYS */;
UNLOCK TABLES;

--
-- Table structure for table `model_has_roles`
--

DROP TABLE IF EXISTS `model_has_roles`;
/*!40101 SET @saved_cs_client     = @@character_set_client */;
/*!40101 SET character_set_client = utf8 */;
CREATE TABLE `model_has_roles` (
  `role_id` bigint(20) unsigned NOT NULL,
  `model_type` varchar(255) COLLATE utf8mb4_unicode_ci NOT NULL,
  `model_id` bigint(20) unsigned NOT NULL,
  PRIMARY KEY (`role_id`,`model_id`,`model_type`),
  KEY `model_has_roles_model_id_model_type_index` (`model_id`,`model_type`),
  CONSTRAINT `model_has_roles_role_id_foreign` FOREIGN KEY (`role_id`) REFERENCES `roles` (`id`) ON DELETE CASCADE
) ENGINE=InnoDB DEFAULT CHARSET=utf8mb4 COLLATE=utf8mb4_unicode_ci;
/*!40101 SET character_set_client = @saved_cs_client */;

--
-- Dumping data for table `model_has_roles`
--

LOCK TABLES `model_has_roles` WRITE;
/*!40000 ALTER TABLE `model_has_roles` DISABLE KEYS */;
INSERT INTO `model_has_roles` VALUES (1,'App\\Models\\User',1),(1,'App\\Models\\User',2);
/*!40000 ALTER TABLE `model_has_roles` ENABLE KEYS */;
UNLOCK TABLES;

--
-- Table structure for table `password_resets`
--

DROP TABLE IF EXISTS `password_resets`;
/*!40101 SET @saved_cs_client     = @@character_set_client */;
/*!40101 SET character_set_client = utf8 */;
CREATE TABLE `password_resets` (
  `email` varchar(255) COLLATE utf8mb4_unicode_ci NOT NULL,
  `token` varchar(255) COLLATE utf8mb4_unicode_ci NOT NULL,
  `created_at` timestamp NULL DEFAULT NULL,
  KEY `password_resets_email_index` (`email`)
) ENGINE=InnoDB DEFAULT CHARSET=utf8mb4 COLLATE=utf8mb4_unicode_ci;
/*!40101 SET character_set_client = @saved_cs_client */;

--
-- Dumping data for table `password_resets`
--

LOCK TABLES `password_resets` WRITE;
/*!40000 ALTER TABLE `password_resets` DISABLE KEYS */;
/*!40000 ALTER TABLE `password_resets` ENABLE KEYS */;
UNLOCK TABLES;

--
-- Table structure for table `permissions`
--

DROP TABLE IF EXISTS `permissions`;
/*!40101 SET @saved_cs_client     = @@character_set_client */;
/*!40101 SET character_set_client = utf8 */;
CREATE TABLE `permissions` (
  `id` bigint(20) unsigned NOT NULL AUTO_INCREMENT,
  `name` varchar(255) COLLATE utf8mb4_unicode_ci NOT NULL,
  `description` varchar(255) COLLATE utf8mb4_unicode_ci NOT NULL,
  `guard_name` varchar(255) COLLATE utf8mb4_unicode_ci NOT NULL,
  `created_at` timestamp NULL DEFAULT NULL,
  `updated_at` timestamp NULL DEFAULT NULL,
  PRIMARY KEY (`id`),
  UNIQUE KEY `permissions_name_guard_name_unique` (`name`,`guard_name`)
) ENGINE=InnoDB AUTO_INCREMENT=16 DEFAULT CHARSET=utf8mb4 COLLATE=utf8mb4_unicode_ci;
/*!40101 SET character_set_client = @saved_cs_client */;

--
-- Dumping data for table `permissions`
--

LOCK TABLES `permissions` WRITE;
/*!40000 ALTER TABLE `permissions` DISABLE KEYS */;
INSERT INTO `permissions` VALUES (1,'admin.home','Ver el dashboard','web','2023-05-24 22:33:19','2023-05-24 22:33:19'),(2,'admin.users.index','Ver listado de usuarios','web','2023-05-24 22:33:19','2023-05-24 22:33:19'),(3,'admin.users.edit','Asignar un rol','web','2023-05-24 22:33:19','2023-05-24 22:33:19'),(4,'admin.categories.index','Ver listado de categorias','web','2023-05-24 22:33:19','2023-05-24 22:33:19'),(5,'admin.categories.create','Crear categorias','web','2023-05-24 22:33:20','2023-05-24 22:33:20'),(6,'admin.categories.edit','Editar categorias','web','2023-05-24 22:33:20','2023-05-24 22:33:20'),(7,'admin.categories.destroy','Eliminar categorias','web','2023-05-24 22:33:20','2023-05-24 22:33:20'),(8,'admin.tags.index','Ver listado de etiquetas','web','2023-05-24 22:33:20','2023-05-24 22:33:20'),(9,'admin.tags.create','Crear etiquetas','web','2023-05-24 22:33:20','2023-05-24 22:33:20'),(10,'admin.tags.edit','Editar etiquetas','web','2023-05-24 22:33:20','2023-05-24 22:33:20'),(11,'admin.tags.destroy','Eliminar etiquetas','web','2023-05-24 22:33:20','2023-05-24 22:33:20'),(12,'admin.posts.index','Ver listado de posts','web','2023-05-24 22:33:20','2023-05-24 22:33:20'),(13,'admin.posts.create','Crear post','web','2023-05-24 22:33:20','2023-05-24 22:33:20'),(14,'admin.posts.edit','Editar post','web','2023-05-24 22:33:20','2023-05-24 22:33:20'),(15,'admin.posts.destroy','Eliminar post','web','2023-05-24 22:33:20','2023-05-24 22:33:20');
/*!40000 ALTER TABLE `permissions` ENABLE KEYS */;
UNLOCK TABLES;

--
-- Table structure for table `personal_access_tokens`
--

DROP TABLE IF EXISTS `personal_access_tokens`;
/*!40101 SET @saved_cs_client     = @@character_set_client */;
/*!40101 SET character_set_client = utf8 */;
CREATE TABLE `personal_access_tokens` (
  `id` bigint(20) unsigned NOT NULL AUTO_INCREMENT,
  `tokenable_type` varchar(255) COLLATE utf8mb4_unicode_ci NOT NULL,
  `tokenable_id` bigint(20) unsigned NOT NULL,
  `name` varchar(255) COLLATE utf8mb4_unicode_ci NOT NULL,
  `token` varchar(64) COLLATE utf8mb4_unicode_ci NOT NULL,
  `abilities` text COLLATE utf8mb4_unicode_ci,
  `last_used_at` timestamp NULL DEFAULT NULL,
  `expires_at` timestamp NULL DEFAULT NULL,
  `created_at` timestamp NULL DEFAULT NULL,
  `updated_at` timestamp NULL DEFAULT NULL,
  PRIMARY KEY (`id`),
  UNIQUE KEY `personal_access_tokens_token_unique` (`token`),
  KEY `personal_access_tokens_tokenable_type_tokenable_id_index` (`tokenable_type`,`tokenable_id`)
) ENGINE=InnoDB DEFAULT CHARSET=utf8mb4 COLLATE=utf8mb4_unicode_ci;
/*!40101 SET character_set_client = @saved_cs_client */;

--
-- Dumping data for table `personal_access_tokens`
--

LOCK TABLES `personal_access_tokens` WRITE;
/*!40000 ALTER TABLE `personal_access_tokens` DISABLE KEYS */;
/*!40000 ALTER TABLE `personal_access_tokens` ENABLE KEYS */;
UNLOCK TABLES;

--
-- Table structure for table `post_tag`
--

DROP TABLE IF EXISTS `post_tag`;
/*!40101 SET @saved_cs_client     = @@character_set_client */;
/*!40101 SET character_set_client = utf8 */;
CREATE TABLE `post_tag` (
  `id` bigint(20) unsigned NOT NULL AUTO_INCREMENT,
  `tag_id` bigint(20) unsigned NOT NULL,
  `post_id` bigint(20) unsigned NOT NULL,
  `created_at` timestamp NULL DEFAULT NULL,
  `updated_at` timestamp NULL DEFAULT NULL,
  PRIMARY KEY (`id`),
  KEY `post_tag_tag_id_foreign` (`tag_id`),
  KEY `post_tag_post_id_foreign` (`post_id`),
  CONSTRAINT `post_tag_post_id_foreign` FOREIGN KEY (`post_id`) REFERENCES `posts` (`id`) ON DELETE CASCADE,
  CONSTRAINT `post_tag_tag_id_foreign` FOREIGN KEY (`tag_id`) REFERENCES `tags` (`id`) ON DELETE CASCADE
) ENGINE=InnoDB AUTO_INCREMENT=201 DEFAULT CHARSET=utf8mb4 COLLATE=utf8mb4_unicode_ci;
/*!40101 SET character_set_client = @saved_cs_client */;

--
-- Dumping data for table `post_tag`
--

LOCK TABLES `post_tag` WRITE;
/*!40000 ALTER TABLE `post_tag` DISABLE KEYS */;
INSERT INTO `post_tag` VALUES (1,3,1,NULL,NULL),(2,5,1,NULL,NULL),(3,3,2,NULL,NULL),(4,5,2,NULL,NULL),(5,4,3,NULL,NULL),(6,8,3,NULL,NULL),(7,4,4,NULL,NULL),(8,5,4,NULL,NULL),(9,4,5,NULL,NULL),(10,8,5,NULL,NULL),(11,4,6,NULL,NULL),(12,6,6,NULL,NULL),(13,1,7,NULL,NULL),(14,6,7,NULL,NULL),(15,4,8,NULL,NULL),(16,6,8,NULL,NULL),(17,4,9,NULL,NULL),(18,7,9,NULL,NULL),(19,2,10,NULL,NULL),(20,6,10,NULL,NULL),(21,2,11,NULL,NULL),(22,5,11,NULL,NULL),(23,1,12,NULL,NULL),(24,7,12,NULL,NULL),(25,4,13,NULL,NULL),(26,7,13,NULL,NULL),(27,4,14,NULL,NULL),(28,7,14,NULL,NULL),(29,1,15,NULL,NULL),(30,5,15,NULL,NULL),(31,3,16,NULL,NULL),(32,6,16,NULL,NULL),(33,4,17,NULL,NULL),(34,5,17,NULL,NULL),(35,1,18,NULL,NULL),(36,8,18,NULL,NULL),(37,4,19,NULL,NULL),(38,8,19,NULL,NULL),(39,4,20,NULL,NULL),(40,5,20,NULL,NULL),(41,1,21,NULL,NULL),(42,6,21,NULL,NULL),(43,4,22,NULL,NULL),(44,6,22,NULL,NULL),(45,2,23,NULL,NULL),(46,8,23,NULL,NULL),(47,1,24,NULL,NULL),(48,5,24,NULL,NULL),(49,4,25,NULL,NULL),(50,8,25,NULL,NULL),(51,2,26,NULL,NULL),(52,7,26,NULL,NULL),(53,2,27,NULL,NULL),(54,7,27,NULL,NULL),(55,1,28,NULL,NULL),(56,6,28,NULL,NULL),(57,4,29,NULL,NULL),(58,8,29,NULL,NULL),(59,1,30,NULL,NULL),(60,5,30,NULL,NULL),(61,2,31,NULL,NULL),(62,6,31,NULL,NULL),(63,3,32,NULL,NULL),(64,5,32,NULL,NULL),(65,4,33,NULL,NULL),(66,8,33,NULL,NULL),(67,2,34,NULL,NULL),(68,7,34,NULL,NULL),(69,2,35,NULL,NULL),(70,8,35,NULL,NULL),(71,3,36,NULL,NULL),(72,5,36,NULL,NULL),(73,3,37,NULL,NULL),(74,7,37,NULL,NULL),(75,3,38,NULL,NULL),(76,6,38,NULL,NULL),(77,4,39,NULL,NULL),(78,8,39,NULL,NULL),(79,4,40,NULL,NULL),(80,8,40,NULL,NULL),(81,2,41,NULL,NULL),(82,5,41,NULL,NULL),(83,1,42,NULL,NULL),(84,8,42,NULL,NULL),(85,2,43,NULL,NULL),(86,7,43,NULL,NULL),(87,1,44,NULL,NULL),(88,5,44,NULL,NULL),(89,2,45,NULL,NULL),(90,5,45,NULL,NULL),(91,3,46,NULL,NULL),(92,6,46,NULL,NULL),(93,4,47,NULL,NULL),(94,8,47,NULL,NULL),(95,1,48,NULL,NULL),(96,6,48,NULL,NULL),(97,1,49,NULL,NULL),(98,7,49,NULL,NULL),(99,4,50,NULL,NULL),(100,7,50,NULL,NULL),(101,2,51,NULL,NULL),(102,6,51,NULL,NULL),(103,2,52,NULL,NULL),(104,5,52,NULL,NULL),(105,4,53,NULL,NULL),(106,6,53,NULL,NULL),(107,2,54,NULL,NULL),(108,6,54,NULL,NULL),(109,2,55,NULL,NULL),(110,6,55,NULL,NULL),(111,2,56,NULL,NULL),(112,6,56,NULL,NULL),(113,1,57,NULL,NULL),(114,7,57,NULL,NULL),(115,3,58,NULL,NULL),(116,6,58,NULL,NULL),(117,2,59,NULL,NULL),(118,5,59,NULL,NULL),(119,4,60,NULL,NULL),(120,5,60,NULL,NULL),(121,1,61,NULL,NULL),(122,7,61,NULL,NULL),(123,3,62,NULL,NULL),(124,8,62,NULL,NULL),(125,1,63,NULL,NULL),(126,7,63,NULL,NULL),(127,1,64,NULL,NULL),(128,6,64,NULL,NULL),(129,1,65,NULL,NULL),(130,5,65,NULL,NULL),(131,3,66,NULL,NULL),(132,8,66,NULL,NULL),(133,3,67,NULL,NULL),(134,5,67,NULL,NULL),(135,2,68,NULL,NULL),(136,6,68,NULL,NULL),(137,4,69,NULL,NULL),(138,6,69,NULL,NULL),(139,4,70,NULL,NULL),(140,7,70,NULL,NULL),(141,2,71,NULL,NULL),(142,7,71,NULL,NULL),(143,1,72,NULL,NULL),(144,8,72,NULL,NULL),(145,1,73,NULL,NULL),(146,5,73,NULL,NULL),(147,4,74,NULL,NULL),(148,8,74,NULL,NULL),(149,3,75,NULL,NULL),(150,7,75,NULL,NULL),(151,1,76,NULL,NULL),(152,5,76,NULL,NULL),(153,3,77,NULL,NULL),(154,8,77,NULL,NULL),(155,3,78,NULL,NULL),(156,8,78,NULL,NULL),(157,2,79,NULL,NULL),(158,7,79,NULL,NULL),(159,4,80,NULL,NULL),(160,8,80,NULL,NULL),(161,3,81,NULL,NULL),(162,7,81,NULL,NULL),(163,2,82,NULL,NULL),(164,7,82,NULL,NULL),(165,1,83,NULL,NULL),(166,8,83,NULL,NULL),(167,2,84,NULL,NULL),(168,5,84,NULL,NULL),(169,2,85,NULL,NULL),(170,5,85,NULL,NULL),(171,1,86,NULL,NULL),(172,5,86,NULL,NULL),(173,2,87,NULL,NULL),(174,6,87,NULL,NULL),(175,4,88,NULL,NULL),(176,8,88,NULL,NULL),(177,4,89,NULL,NULL),(178,6,89,NULL,NULL),(179,3,90,NULL,NULL),(180,8,90,NULL,NULL),(181,4,91,NULL,NULL),(182,6,91,NULL,NULL),(183,3,92,NULL,NULL),(184,8,92,NULL,NULL),(185,4,93,NULL,NULL),(186,8,93,NULL,NULL),(187,4,94,NULL,NULL),(188,5,94,NULL,NULL),(189,3,95,NULL,NULL),(190,6,95,NULL,NULL),(191,1,96,NULL,NULL),(192,6,96,NULL,NULL),(193,2,97,NULL,NULL),(194,7,97,NULL,NULL),(195,1,98,NULL,NULL),(196,6,98,NULL,NULL),(197,1,99,NULL,NULL),(198,5,99,NULL,NULL),(199,2,100,NULL,NULL),(200,5,100,NULL,NULL);
/*!40000 ALTER TABLE `post_tag` ENABLE KEYS */;
UNLOCK TABLES;

--
-- Table structure for table `posts`
--

DROP TABLE IF EXISTS `posts`;
/*!40101 SET @saved_cs_client     = @@character_set_client */;
/*!40101 SET character_set_client = utf8 */;
CREATE TABLE `posts` (
  `id` bigint(20) unsigned NOT NULL AUTO_INCREMENT,
  `name` varchar(255) COLLATE utf8mb4_unicode_ci NOT NULL,
  `slug` varchar(255) COLLATE utf8mb4_unicode_ci NOT NULL,
  `extract` text COLLATE utf8mb4_unicode_ci,
  `body` longtext COLLATE utf8mb4_unicode_ci,
  `status` enum('1','2') COLLATE utf8mb4_unicode_ci NOT NULL DEFAULT '1',
  `user_id` bigint(20) unsigned NOT NULL,
  `category_id` bigint(20) unsigned NOT NULL,
  `created_at` timestamp NULL DEFAULT NULL,
  `updated_at` timestamp NULL DEFAULT NULL,
  PRIMARY KEY (`id`),
  KEY `posts_user_id_foreign` (`user_id`),
  KEY `posts_category_id_foreign` (`category_id`),
  CONSTRAINT `posts_category_id_foreign` FOREIGN KEY (`category_id`) REFERENCES `categories` (`id`) ON DELETE CASCADE,
  CONSTRAINT `posts_user_id_foreign` FOREIGN KEY (`user_id`) REFERENCES `users` (`id`) ON DELETE CASCADE
) ENGINE=InnoDB AUTO_INCREMENT=101 DEFAULT CHARSET=utf8mb4 COLLATE=utf8mb4_unicode_ci;
/*!40101 SET character_set_client = @saved_cs_client */;

--
-- Dumping data for table `posts`
--

LOCK TABLES `posts` WRITE;
/*!40000 ALTER TABLE `posts` DISABLE KEYS */;
INSERT INTO `posts` VALUES (1,'Iure quis dolorum velit eaque.','iure-quis-dolorum-velit-eaque','Dolorem enim quia totam sed. Fuga inventore dolorem minus. Ipsa fuga minima perferendis. Dolorum porro omnis porro optio perferendis. Id officiis sunt nam soluta voluptate. Eos non accusantium laborum eius quia sequi.','Nostrum non rerum et eveniet odio. Ea alias reiciendis qui. Rerum neque voluptas et aut. Aut minus eveniet placeat recusandae. Natus fugit quae facere sed quia. Rerum a non sunt magnam. Labore eaque tempore nihil reiciendis. Facilis facilis pariatur consequatur. Suscipit cum quisquam est quia voluptatem aliquam. Quia voluptatum dolorem dolor molestiae rerum rerum. Enim rerum quam ut aut. Magnam et reprehenderit qui quos. Culpa nulla rerum dolore ea omnis facilis laboriosam error. Esse qui earum qui ea quibusdam. Enim doloremque nam sint quas et sapiente qui unde. Explicabo sunt ea aliquam est iste consequuntur. Molestiae numquam libero tempora aut illum consequatur quia odio. Beatae molestias soluta omnis deserunt. Aut autem placeat minima et. Voluptas vel illo et doloribus rerum quia repellat. Praesentium reiciendis accusantium quia optio. Quod fuga atque fugit numquam totam inventore. Enim placeat eos rerum maiores autem. In porro perspiciatis vel natus non est. Asperiores facilis sint iusto dolor qui cupiditate eveniet. Vel quas et atque placeat esse et deleniti. Ea ut excepturi qui qui repudiandae debitis. Vel exercitationem maiores in consequatur qui sunt. Possimus iusto et quisquam ea vero exercitationem earum. Sequi neque excepturi unde quaerat. Tempore qui perspiciatis fuga. Nam eveniet assumenda aut doloribus doloribus. Optio ut provident minus a minima magnam qui. Nostrum sapiente et eveniet. Ad corporis dolorum velit placeat itaque blanditiis. Esse fugiat quia atque. Alias nisi non quisquam fugiat reiciendis eveniet magni aut. Aliquid dolores molestiae eum voluptatem quia et totam. Odit minima quia voluptates eveniet ipsam explicabo. Eos eaque debitis voluptatibus dolorem cupiditate eligendi. Soluta facere eaque ex. Voluptatem eligendi a dolorem recusandae accusantium cum incidunt. Accusantium quas est explicabo officiis autem quisquam qui. Omnis facilis saepe voluptatem quas. Quis quod nihil error exercitationem. Fugit veritatis ex quia laudantium.','2',10,4,'2023-05-24 22:33:22','2023-05-24 22:33:22'),(2,'Enim quia voluptate possimus harum autem voluptatem eum magni.','enim-quia-voluptate-possimus-harum-autem-voluptatem-eum-magni','Tenetur vitae beatae dolores dolorem qui repellendus. Sint dolores suscipit quos voluptas. Ducimus modi possimus vel voluptas voluptatibus ad. Molestiae veritatis et libero asperiores explicabo fuga eius.','Esse voluptas et maiores quia. Et optio illo iure sed. Facere impedit ratione placeat. Eos dolor culpa totam quis repellat veritatis. Explicabo quisquam sed eos exercitationem aperiam enim magnam id. Et autem ut voluptas exercitationem. Error enim laborum voluptatem at aspernatur veniam aut. Ut quia voluptate ipsa. Ut mollitia provident repudiandae est corrupti temporibus aut sapiente. Nulla ut voluptas culpa voluptas eligendi magnam aut suscipit. In qui pariatur ad quae soluta quas. Ipsa ea sit et. Modi fuga minima at quaerat omnis. Beatae quis aut minus aut sed quis. Sed qui quaerat ducimus. Tempora consequatur quis consectetur vitae ab odio fugit. Sunt recusandae quos autem magnam perferendis optio in distinctio. Omnis at fuga ut ratione. Amet quo eum tempore est quia. Libero repellat ut et enim. Est officia ut eveniet. Ipsam voluptatum eum mollitia in eum et aspernatur. Laudantium nulla omnis aliquid adipisci. Ipsum voluptatem quia itaque omnis. Qui doloremque praesentium amet. Praesentium cumque aliquam assumenda officia a dolorem. Magni sed sapiente rerum optio. Delectus soluta illum numquam cum. Commodi voluptatum necessitatibus iure est qui. Laboriosam nobis molestiae minima laudantium magnam. Ut quis occaecati non nihil et autem porro. Ut quasi iste perferendis. Et aut vel aperiam et. Rerum sint quisquam molestias rerum hic voluptas reiciendis sed. Culpa esse sed asperiores. Quis similique adipisci natus saepe. Vel et ullam neque deleniti. Dicta et sequi natus qui ducimus maiores vitae cum. Cum ullam veniam necessitatibus rerum quo. Eaque ducimus sed aut vel sint dolore. Et et et ut. Earum provident facere rem repellat. Impedit ut rerum iste ut reprehenderit et expedita. Sapiente inventore doloribus qui omnis eius. Praesentium dolorem qui eveniet vel facilis. Quod ipsa numquam deserunt sed quaerat. Optio cupiditate dolorum nisi omnis.','1',2,4,'2023-05-24 22:33:22','2023-05-24 22:33:22'),(3,'Ut quidem ratione aut corporis fuga qui qui sit.','ut-quidem-ratione-aut-corporis-fuga-qui-qui-sit','Ut voluptas optio rerum itaque minima nisi. Et deserunt blanditiis corrupti veritatis maiores magni atque. Adipisci adipisci quasi et nemo cum harum quisquam. Consequuntur blanditiis et nesciunt laboriosam ullam voluptatem.','Voluptatum exercitationem placeat qui a iure sit. Dolorum et sit fugit quia voluptates deserunt ipsa. Ipsum nostrum ut laudantium facere iste atque. Consequatur qui debitis iusto labore quia. Laborum et ipsam voluptas quibusdam. Aut quibusdam nobis voluptas. Id modi ut aut est officiis repellendus. Aut id deleniti accusantium velit et. Eveniet repellat est sunt nemo itaque ea. Et molestias perspiciatis eum illum. Natus ducimus dolorem asperiores ut sit. Ea dolores adipisci enim. Quod mollitia consequatur ipsa deleniti cum dolorem. Recusandae sint voluptas quo. Beatae illo qui in voluptates eaque sint ipsam. Est qui molestiae hic natus adipisci. Sit aut voluptatibus sint ut accusamus. Quibusdam dolores reprehenderit ducimus accusamus quibusdam corporis. Ducimus eligendi quia reiciendis. Cumque ut sequi incidunt rerum. Optio possimus odit et beatae in repudiandae iure. Earum cumque dignissimos commodi quis. Non beatae aut sit laborum consectetur voluptatibus. Dolores nulla dignissimos dolorem hic iste ipsam aut. Voluptatem eligendi aut beatae. Inventore numquam omnis occaecati a laudantium at quae. Provident qui natus aperiam laboriosam quas commodi. Asperiores maiores sunt dicta. Sed nostrum quas veniam consectetur rerum amet voluptatem quo. Eveniet ut delectus velit assumenda minima architecto. Et enim minus omnis sit. Fuga nobis sit velit. Nihil ducimus cum nihil non. Amet nostrum rerum cupiditate odio voluptas. Nihil ut sed officiis nemo est quos sed. Ab error aut voluptatem. Maiores cumque officiis vitae at. Porro id voluptatem dolorem corporis nemo. Sunt eos ad blanditiis iste quia enim. Officiis porro autem vitae est in soluta. Blanditiis ut blanditiis consequatur et aliquam perspiciatis explicabo. Sapiente fuga quaerat aliquam iusto ex ab qui. Eaque laboriosam ad vel aut mollitia recusandae quis. Similique dolores adipisci culpa harum voluptatem consequatur qui rerum.','2',7,1,'2023-05-24 22:33:22','2023-05-24 22:33:22'),(4,'Quisquam quo neque aut ratione.','quisquam-quo-neque-aut-ratione','Sunt rem provident blanditiis libero vitae. Blanditiis consectetur consequatur reprehenderit ducimus quas at qui. Possimus ad eos hic temporibus ipsam mollitia exercitationem id. Laudantium laborum rem commodi.','Sequi inventore dolores doloremque debitis a sed. Aspernatur porro quis impedit voluptatibus consequatur explicabo in. Excepturi et ad et culpa. Similique qui sed ratione tenetur adipisci culpa. Necessitatibus beatae explicabo doloribus quos et. Aliquam quo error quas praesentium atque in ex. Ex et omnis rerum quas tempora laborum aliquam. Enim sapiente non voluptate sed qui. Iusto eum rerum ipsum corporis et possimus qui. Nihil ut saepe quasi distinctio dolorem enim minima. Ut nemo vel aspernatur animi unde. Adipisci quia sit quae et rerum pariatur sunt. Consequuntur nam numquam magni atque ab inventore. Fugit esse laudantium voluptate consequatur nihil rem totam. Non deleniti perferendis iure sint ut. Dolores nostrum enim suscipit maxime. Omnis quo dolorem expedita eos vel cupiditate architecto. Laboriosam architecto accusantium qui qui minima earum. Natus accusantium et rerum sint qui cumque. Id commodi exercitationem incidunt quod sed occaecati. Dolorem aut rerum doloremque quo reiciendis expedita rem. Aliquam ad eligendi quod et eaque ut. Et dolorum voluptatem necessitatibus eos voluptatem et rem. Mollitia nostrum dolorum non minima qui distinctio facere. Aliquam hic architecto commodi molestiae aliquid. Quia reprehenderit et est illo facere. Ipsam laborum perspiciatis et explicabo. Consequatur deleniti quas molestias velit quibusdam. Consectetur quo exercitationem perspiciatis. Et ex accusantium commodi incidunt et non eos est. Voluptates sequi expedita voluptatem earum minima eveniet quos. Velit fuga impedit voluptatum. Sit sed eligendi vitae voluptatem. Pariatur voluptatum vitae libero expedita sed quasi fugiat magnam. Voluptates perspiciatis velit aut fuga sit eius. Et aut nemo id et unde. Rerum quaerat sed suscipit nihil dolorem harum. Aliquid modi voluptas ipsam sit. Necessitatibus maiores laborum minima eum voluptatem aliquid.','1',4,1,'2023-05-24 22:33:22','2023-05-24 22:33:22'),(5,'Quidem animi soluta incidunt nostrum neque velit blanditiis.','quidem-animi-soluta-incidunt-nostrum-neque-velit-blanditiis','Et occaecati vel qui est magni officia. Delectus nobis quis inventore velit aperiam ex. Eaque alias eum aliquid omnis. Ab possimus facere illum optio dicta repellat.','Autem magnam error necessitatibus a vel voluptatum id. Error sunt autem consequatur reiciendis error molestiae. Enim quod quasi perspiciatis ullam magni itaque. Est fugiat voluptas omnis error quibusdam sit. Adipisci veritatis rerum ullam sit dolore. Voluptatum consequuntur reiciendis omnis accusantium. Commodi quod quod nostrum dolores totam veniam assumenda. Aut numquam ut placeat ducimus. Qui aut quaerat ea laudantium consequatur. Odio cupiditate dolor iusto ut est cum. Quia ducimus minima ea quod nisi sint quaerat. Et quaerat earum eum dolores nesciunt sunt blanditiis. Ea et quos repellendus facilis. Labore tempora esse distinctio amet. Qui deserunt et quibusdam nihil quisquam. Magnam id voluptatem est iure delectus odit. Qui quaerat eaque nemo dolor. Quae praesentium fugit commodi corporis voluptas commodi et. Vitae accusamus ea voluptatibus in tempora ipsa sed. Laudantium et magnam necessitatibus dolores. Rerum officiis magnam et illo at. Sapiente est aut laudantium fuga sed. Sapiente ad enim commodi libero temporibus. Aspernatur in ipsa ullam provident rerum. Cupiditate aut consequatur dolor tempore. Aut magni dolores qui inventore aut consequatur. Tempora aliquam sunt molestiae aut mollitia voluptate. Quos ipsum eveniet eos perspiciatis quod iure. Saepe non velit consequatur ea animi. Quis perferendis sed est aut quaerat assumenda. Nostrum mollitia eum ea autem rem. Reiciendis qui labore totam dolorum dolor odit in. Incidunt laborum maiores consequatur aut fuga. Accusantium consequatur pariatur similique qui nihil. Laudantium omnis optio aut aut. Et est esse at ut et. Alias harum dolorum laborum officiis eveniet sunt pariatur quia. Eos totam hic perferendis. Et provident ea distinctio. Soluta minima omnis fugiat vel. Quidem quidem voluptates tenetur rerum. Libero deserunt consequuntur voluptas et voluptatem. Iste quas fugiat ut unde dolores accusantium a. Dolorem ea labore consequatur velit ut deleniti. Ipsa in quo placeat dolore voluptatem.','1',11,1,'2023-05-24 22:33:22','2023-05-24 22:33:22'),(6,'Qui in non nam cum magnam odit enim.','qui-in-non-nam-cum-magnam-odit-enim','Dolorem non necessitatibus enim quod voluptatem unde. Quos dolor magni temporibus vel culpa. Est nesciunt veritatis molestiae neque recusandae. Aut aliquam necessitatibus doloribus soluta. Deserunt cupiditate ex voluptatem dolorem.','Tempora quas pariatur ipsa quae sint id occaecati. Qui sit quaerat distinctio et eligendi velit. Veniam officia nostrum consequuntur ratione occaecati mollitia sapiente. Recusandae ut consectetur laborum cum culpa aut perspiciatis. Accusantium iste ut voluptatibus aut ullam maiores consequatur. Eos molestiae nulla omnis quia repellendus ipsam. Debitis est quia rerum voluptatibus in fugit. Aliquam assumenda veniam animi. Quod praesentium eos voluptate rerum atque nisi quod est. Non est dolore temporibus dolores autem. Laboriosam autem odio voluptas pariatur et. Praesentium aperiam debitis aliquid id non occaecati. Ipsa aliquam rem et molestiae. Quidem repudiandae provident nihil quidem consequuntur consequatur et. Veniam quibusdam voluptatem voluptas totam non est magnam. Ut itaque rerum quasi possimus. Illo est sapiente sit amet. Iste temporibus in pariatur illum praesentium nam eum amet. Quam dicta sit omnis omnis dolor molestias. Sapiente minus nostrum quia rerum et rerum aut modi. Perspiciatis quo repudiandae voluptatum optio veritatis. Qui porro et excepturi debitis. Et eius nihil eos eveniet quia ut repellendus. Fugit voluptas sit commodi repellendus. Iure dignissimos similique iure fugiat fuga labore. Quis pariatur accusantium at. Est quis delectus quia deleniti ab. Corporis ratione molestiae ut et. Dolorem voluptatem omnis et odio. Error nemo inventore sequi nobis voluptatibus nobis. Culpa hic consequatur qui ut ullam explicabo. Accusamus quos sed dolores. Debitis non et rerum eveniet deserunt velit. Qui et quis quo enim. Quisquam qui accusamus ipsam. Rem autem occaecati et iusto molestiae repellendus quisquam. Quis rem odio in quia iusto illo ex. Eos optio et possimus ducimus. Sunt labore architecto in autem sit. Vitae sunt distinctio nihil harum a libero. Exercitationem quia sint sit et magni. Mollitia et nisi sint numquam dolores quibusdam iure. Alias sed repudiandae distinctio.','2',11,4,'2023-05-24 22:33:22','2023-05-24 22:33:22'),(7,'Minima illum nisi autem assumenda sunt.','minima-illum-nisi-autem-assumenda-sunt','Nesciunt fugiat dolorem qui mollitia eligendi cum placeat. Itaque iure aut dolorum quidem nihil. Alias eos dolorem ut sit dolores nulla incidunt.','Quia quas amet est officia odio repellat rerum. Facere similique eligendi nam ipsum tempore ea. Necessitatibus optio ipsum ut et. Consequatur et nesciunt temporibus in maxime explicabo eos porro. Non et sit nihil eum est. Dolores modi sed et quam voluptatum et. Non ipsum ipsam iusto modi consequatur. Quam nobis ullam minus ipsa et esse vitae. Perspiciatis ad qui deserunt et dolor ea ullam. Aut debitis ipsum soluta qui quo laboriosam. Quae numquam placeat libero est architecto ratione modi. Quia quod saepe necessitatibus repellendus. Eos perspiciatis distinctio ea impedit sit adipisci quo veniam. Illum voluptas sit consectetur. Porro laboriosam expedita qui sapiente. Ea rerum sit et aperiam itaque. Quas ut eum et tempore eveniet nisi. Quia quam culpa in quaerat placeat. Voluptas soluta iusto dolorum neque. Qui aut magni itaque sed voluptatum. Ratione esse ab saepe molestiae necessitatibus natus. Reiciendis laborum voluptates et accusamus similique soluta quam. Nam cum sit amet. Alias occaecati est rerum impedit. Neque aperiam et at qui impedit quod nisi. Nulla tenetur aperiam et labore est repellat qui. Voluptatem dignissimos nihil ex excepturi quo voluptatem expedita. Sed excepturi consequatur et nulla similique tempore. Doloribus ut in quia et eligendi consectetur occaecati. Hic veniam corrupti ea accusamus dolorum. Dolorem itaque nihil et in. Omnis dicta eius nemo reprehenderit commodi. Et quidem quis sit voluptatem ullam. Adipisci dicta aut sed officia. Voluptas et odit eligendi error enim. Dicta fuga ipsa quos id minima voluptas. Magnam occaecati iusto mollitia et unde sit. Temporibus delectus quos quis modi autem et. Hic aut qui quis eos ullam. Et nihil ab quos et sequi voluptatem voluptate. Voluptas necessitatibus necessitatibus et doloribus et exercitationem. Eum sed nobis rerum molestiae. Autem inventore qui et ad quis et temporibus quasi. Voluptatum error dicta ut eius molestiae.','1',4,2,'2023-05-24 22:33:22','2023-05-24 22:33:22'),(8,'Delectus reprehenderit sed rerum illo repellat repellendus.','delectus-reprehenderit-sed-rerum-illo-repellat-repellendus','Qui numquam unde magni laborum occaecati. Voluptatem ut autem in repudiandae dolores corrupti. Tempore consequatur voluptate et qui sed et. Soluta magnam nam quisquam voluptas.','Est aut natus officiis ut explicabo vitae. Laborum est ad tempora. Delectus ut expedita veniam quo aut. Dolores voluptatem qui quod. Deserunt quaerat ut repellendus ut omnis. Atque architecto perferendis et non illum voluptas qui. Quia consequatur in accusantium perferendis. Numquam reiciendis exercitationem tempore numquam. Aut aut nemo sint qui omnis. Id et laboriosam illum animi perferendis quam. Consequatur blanditiis placeat repudiandae nostrum. Qui mollitia facere qui eligendi id quia. Similique hic iusto vero minus provident praesentium. Distinctio eos voluptatem consequatur id explicabo aliquam ipsam sed. Nam dolore suscipit vitae et molestiae fugit. Et iste officia quod quam et architecto voluptates. Inventore quia autem repellat beatae quam rerum veritatis. Nostrum voluptatem quis consequuntur dolores ipsum aperiam ipsa. Ab accusantium id sit eos repudiandae laborum. Qui cumque nemo nemo suscipit assumenda aut. Quia et voluptates eos perferendis. Aut illo tenetur consequatur consequuntur perspiciatis. Minus rem aut consequuntur. Neque rerum delectus ipsum quasi et laboriosam reiciendis. Et atque nulla perspiciatis. Amet velit optio necessitatibus repellendus magnam. Ut minima et autem delectus. Ratione aut dolor et saepe culpa voluptas. Saepe iure ducimus earum dolorum aut. Sunt officia assumenda vel voluptatem debitis aut. Et ipsum repellat ipsa perferendis debitis tempore. Laborum eius nisi dolor maxime. Doloribus qui asperiores aut et beatae. Quae totam quam architecto qui sit quidem necessitatibus. Quia dicta asperiores ut odit dolor perferendis. Dicta velit sit accusantium quis. Hic quidem accusantium minima enim. Sit ut id quis reiciendis facilis eveniet doloribus. Sint ex et voluptate voluptas nam qui esse. Qui recusandae optio nemo earum. Sit eligendi qui similique nemo.','1',2,4,'2023-05-24 22:33:22','2023-05-24 22:33:22'),(9,'Accusantium et quasi eligendi non voluptates minima consequatur.','accusantium-et-quasi-eligendi-non-voluptates-minima-consequatur','Odit quidem illum ex dolorem dolores et. Aut dolorem sapiente et laboriosam illo. Deleniti natus est asperiores voluptatem non. Sapiente in et non sed sed totam.','In eius nam numquam atque esse in sed. Voluptatem nostrum ut voluptates nostrum sapiente qui culpa dolorum. Rem ullam eius illo fugit accusantium rerum. Distinctio at animi quia. Ipsum est ut nihil perspiciatis eum sint quaerat. Commodi rerum omnis voluptatem et. A sit exercitationem omnis. Rerum expedita odit eaque accusantium quae labore amet possimus. Architecto qui excepturi qui dolores distinctio veritatis maiores. Tenetur cumque veniam nihil occaecati unde ipsam assumenda. Error ut ut voluptatem ea. Architecto rerum aut officia quasi id. Temporibus sapiente sit eligendi magni impedit quis. Eaque voluptatem eum laudantium quo tempora esse. Id delectus beatae velit est nam et. Occaecati veritatis fugit et ut. Doloribus delectus dolorum et officia voluptatem et et. Consequuntur est molestias officia dolore sed. Quod et esse commodi ut sapiente cupiditate. Temporibus excepturi libero sit sint ut rerum. Rerum voluptatem sed autem porro atque. Itaque sapiente in saepe et quam aperiam ut. Non natus dignissimos ipsam sequi necessitatibus ut vero. Quia laborum quos maiores molestiae vitae animi in. Repudiandae hic qui occaecati atque ad pariatur consequatur fugit. Temporibus laboriosam nobis voluptatum qui sint veritatis in corrupti. Autem quam reiciendis voluptatum nobis id adipisci veniam. Ratione excepturi voluptatibus harum rerum accusamus ut. Ea cumque velit eligendi sunt in dolorem quasi repellat. Amet et autem ipsa aut dignissimos dolores nostrum. Nemo unde non asperiores et hic voluptas veritatis. Aut molestiae aut quo et. Necessitatibus earum neque eligendi dolores assumenda. Architecto non commodi similique excepturi. Vitae consectetur vitae tempore animi. Quasi et soluta quia aliquam nobis impedit. Illum harum fugiat consequatur laborum at nisi. Placeat tempora pariatur optio labore animi repudiandae numquam. Dolore nihil quaerat error. Vel est repellat optio beatae corrupti saepe deserunt facere.','2',3,4,'2023-05-24 22:33:22','2023-05-24 22:33:22'),(10,'Ea tempore quibusdam recusandae eveniet ut et.','ea-tempore-quibusdam-recusandae-eveniet-ut-et','Sed quae odio porro impedit sit. Quibusdam nisi blanditiis voluptate sint. Sed possimus quae natus non nemo. Dolorem voluptatem nam nemo libero.','Et enim consequatur repudiandae tempora consequatur est reiciendis. Esse rem veniam voluptas nihil. Fugit sunt quia ea molestiae. Aut veritatis autem quibusdam debitis sunt eos animi. Ipsa qui pariatur dicta fugit rerum. Repellendus qui adipisci consectetur autem incidunt. Eum iure nihil est sunt illo ab fuga deleniti. Ea nihil deserunt voluptas est. Sunt corrupti culpa molestiae sint nesciunt non adipisci. Repellendus dolor a sint sint necessitatibus et doloremque. Enim quasi pariatur voluptas voluptatem. Expedita sit sunt numquam aut ex voluptate at. Dolor quisquam ducimus veniam. Officia beatae vitae autem in impedit accusantium. Dolores et aperiam iste accusantium ullam et. Totam similique sequi blanditiis illum quisquam recusandae qui. Omnis nostrum illum consectetur velit non qui ea. Et earum accusantium voluptatibus quam cupiditate id neque. Ipsam quis sunt ipsam quae recusandae cum. Molestias eos esse molestiae voluptas earum sapiente. Qui quas sit voluptatum cumque at labore quia. Pariatur culpa et ut sint libero error aut. Et quaerat magnam neque excepturi tenetur et. Est nesciunt aut eos inventore ad doloribus. Repudiandae voluptate ratione deleniti quo incidunt. Consequuntur voluptate autem minus est in aliquid hic. Sed soluta architecto sed eos aut. Voluptas at quisquam vitae exercitationem esse facere non. Possimus ratione voluptatum impedit et reprehenderit reiciendis facere. Optio sed excepturi nulla recusandae quia. Provident iusto ipsam doloribus modi. Officia eligendi voluptate deleniti. Qui rerum adipisci fugit ducimus non dignissimos ut. Aliquam ipsa a ipsam. Temporibus fugiat eius vel commodi. Et enim dicta cum totam mollitia. Officiis ut error non sint doloribus qui qui. Ducimus sit qui quos rerum ea. Ea vitae sit mollitia ducimus odio aut. Animi earum earum animi perspiciatis qui inventore. Consequatur qui qui repellat et laborum. Asperiores iure laudantium velit nesciunt excepturi dicta.','2',9,3,'2023-05-24 22:33:22','2023-05-24 22:33:22'),(11,'Deleniti omnis nihil perferendis id.','deleniti-omnis-nihil-perferendis-id','Beatae facilis architecto voluptatem et doloremque dolorum. Itaque id quasi quasi qui consequatur fugit. Et sed assumenda inventore laborum quia et quo. Et odio voluptate qui odit consequatur.','Debitis ut maiores et. Saepe et aliquam nisi suscipit et. Ut pariatur earum blanditiis repellendus. Non molestiae ex adipisci fuga repellendus ullam qui. Aliquid fugiat reiciendis quia fugit. Velit dolores ut et. Sit consequatur illo tenetur laudantium et. Occaecati quod ea illum. Ut iure deleniti quas eius et nam. Vitae consequatur aliquam earum labore. Est et maiores sit repellendus numquam blanditiis. Dolorum dolore voluptas quis fugiat voluptatem suscipit. Recusandae assumenda et quos aliquam tempora. Omnis qui veritatis accusamus dicta. Qui perferendis ad tempora autem architecto eius. Non id ipsum et dicta voluptas rerum ut ut. Autem quos dolores ad. Non est quia ad tempore et fugit autem. Sapiente provident amet et aspernatur nobis odit. Sit et nemo quisquam. Suscipit nam sit sint est facilis. At blanditiis tempore tempore qui nemo. Molestiae voluptatum eum temporibus harum. Magnam eius quia officia aut. Delectus possimus reiciendis quia non. Rerum adipisci laudantium laborum tempore deleniti voluptate sed. Voluptatem eum quo labore quisquam ex impedit dolorem distinctio. Natus nostrum maxime inventore sunt id qui. Distinctio dolore dolorem cum deleniti enim rerum sint sint. Corporis itaque labore velit molestiae. Sit veniam eveniet minus. Culpa numquam nihil delectus rem est et. Sint temporibus voluptatem quasi saepe velit quae. Architecto pariatur animi inventore sunt facere unde est ut. Exercitationem temporibus corporis ipsum beatae animi. Omnis est culpa temporibus ipsam sint sit dolorem. Consectetur voluptas corporis officia. Fugiat adipisci quia et. Quod ut saepe at exercitationem qui. Tenetur nulla voluptatem ab. Repellat sapiente quasi beatae fugiat aut aut. Laudantium sit et maxime quo totam qui. Sed excepturi iste sed incidunt vero. Consectetur ullam pariatur ex nemo molestiae sed. Non omnis quo qui.','2',7,2,'2023-05-24 22:33:22','2023-05-24 22:33:22'),(12,'Aliquid perferendis sed rerum et et ut.','aliquid-perferendis-sed-rerum-et-et-ut','Quia quia quaerat est et distinctio aut libero. Qui cumque et nostrum eaque laborum ipsam. Qui sequi consequatur temporibus libero ut nobis. Est cumque et occaecati quia. Voluptatem qui nesciunt ab aspernatur. Dolorum dolor voluptatum pariatur.','Id voluptatibus quos architecto ea. Tempore non vitae numquam voluptas tempore qui. Et maiores temporibus incidunt ipsam voluptates expedita expedita. Ipsa facilis eveniet amet provident aut in. Dolorem nihil ex tenetur fugit rerum. Ratione autem sit officiis nulla. Quisquam non est rem rerum iste id in est. Consequatur totam dolor inventore occaecati. Quae maiores totam doloremque earum aut. Sit illum neque minus officia. Harum rerum magnam sit voluptatem et amet magni molestiae. Est molestiae nam in iure. Fugiat consequatur voluptas temporibus voluptas. Aut consequatur cupiditate aut. Veniam facere in veritatis laborum totam debitis. Doloremque dolorem veritatis occaecati est cumque non deleniti. Voluptatem incidunt id error error sit et. Quis voluptatibus explicabo dolores minus. Ab autem maiores occaecati. Beatae et nesciunt cum sit. Optio in tempore error sed rerum. Amet velit neque placeat occaecati eaque ab voluptatem. Debitis autem neque sed occaecati veniam. Necessitatibus distinctio porro reiciendis illo. Praesentium est animi eveniet aut porro ipsam deleniti incidunt. Sit nostrum quasi suscipit et. Voluptates eos vel ut tenetur quia voluptatibus. Eligendi ut id adipisci. Excepturi eum est voluptatem quidem quo iste mollitia laudantium. Totam nobis laborum temporibus tenetur. Qui et eveniet quia possimus quod nemo. Delectus non beatae saepe consequatur sed. Minima non odit quod magnam et. Qui eos architecto aperiam quasi fugiat ut. Quam fugit sunt perspiciatis. Praesentium quia omnis omnis provident. Odio nisi culpa ut nostrum. Qui commodi at quas iure. Labore cum aliquid doloremque deserunt officia error. Autem voluptate fuga dolorem modi ut quisquam voluptates. Autem quae aperiam voluptas excepturi consequatur tenetur. Quia minus qui vel sunt sed laudantium laudantium. Numquam qui commodi et aliquid velit harum laborum.','1',9,4,'2023-05-24 22:33:22','2023-05-24 22:33:22'),(13,'Et ut quis aut dolore rerum dolorem.','et-ut-quis-aut-dolore-rerum-dolorem','Architecto aperiam aut veritatis facilis ratione sunt. Delectus odit maxime sit dolores eum porro et. Quasi possimus et accusantium. Non ut est aut. Qui quis placeat vitae voluptas repellendus. Deserunt quia earum et.','Nisi ea magni mollitia non est sint. Eum id et mollitia omnis. Qui non laborum labore tempora beatae praesentium voluptatum repellendus. Et fugiat occaecati quis atque. Facere quae ratione sit. Qui repellat et quia voluptatem accusantium laborum. Corporis provident eos dignissimos architecto. Nobis qui dolorem rem et molestiae possimus. Optio sit autem non occaecati aliquam quasi. Facere alias dolor adipisci enim qui magnam cum. Suscipit sunt dolore ea nulla est qui necessitatibus. Dignissimos sit quia officiis et ut consequatur sed. Sit omnis voluptatem voluptatem ad odit voluptatem. Ut enim exercitationem et veritatis. Soluta voluptatem minima fugiat praesentium. Ut perspiciatis officia illum placeat voluptatem. Est voluptas laudantium ut. Voluptatibus omnis quod qui minima molestias. Iusto quo a repellat. Esse est laudantium dolores eaque nostrum blanditiis amet. Deleniti molestiae repellat possimus. Numquam occaecati ut magni delectus. Voluptatem alias aspernatur nisi quia officiis. Sed consectetur dolorem sequi voluptas. Dolores sed voluptatem voluptas eum ullam. Quibusdam blanditiis eligendi eaque aliquam amet sit asperiores. Illum asperiores molestias animi. Non non cupiditate dolor veniam. Alias est possimus non possimus et necessitatibus nulla. Deserunt velit similique maxime soluta ea est reiciendis. Cum accusantium officia id et nulla omnis. Rem eligendi aut sint rerum sed nostrum. Cumque eum vitae minus ut laudantium. Sunt qui aliquam commodi suscipit doloremque. Voluptates repudiandae alias assumenda nostrum omnis quod dolorem fugit. Nihil dolorum totam doloribus doloribus assumenda. Ea consequuntur sunt dignissimos voluptas accusamus. A dolorum fuga doloribus quis. Dolor et explicabo in in dicta. Itaque porro facere voluptate unde. Temporibus rerum unde unde dolore recusandae quaerat. Commodi dolor nihil iste voluptas accusantium nihil facere maiores.','1',9,3,'2023-05-24 22:33:22','2023-05-24 22:33:22'),(14,'Harum possimus provident sed non.','harum-possimus-provident-sed-non','Repellat corporis iste itaque incidunt nobis. Quibusdam adipisci dolorum earum temporibus aliquid debitis doloribus. Occaecati inventore possimus et ut accusamus totam.','Esse mollitia est magnam laudantium a dolor. Exercitationem et et aut dolore non provident eum. Ut blanditiis optio doloremque voluptas rerum tenetur velit. Quasi beatae nihil enim numquam. Occaecati blanditiis adipisci qui vel voluptatum. Tenetur veritatis voluptas sit et nostrum quo accusantium. Laudantium exercitationem ut rerum nostrum necessitatibus est beatae. Corrupti dolor similique laborum. Natus dolorem consequatur ab voluptas in minima. Tempore ex sit tenetur. Libero tempora nulla sit praesentium. Sunt voluptatem quia ducimus nobis. Commodi rem doloribus ullam. Consequatur nostrum eius repellat cum adipisci facere. Dolorem nihil et id dolor. Magnam ut consectetur officia. Nobis nihil dignissimos et ducimus nihil. Voluptatem iure qui enim. Odio culpa ratione blanditiis molestiae sunt sit. Rerum aut qui ut vero repellat exercitationem. Aperiam officia sed similique officia id optio. Voluptas suscipit ut et quas dignissimos. Adipisci non aperiam ea cupiditate. Odit inventore voluptates ex soluta voluptas. Voluptatem et asperiores in sapiente officiis hic. Eum in quia vel sed eos. Ut quae qui deserunt consequuntur enim. Vel animi necessitatibus architecto incidunt placeat reprehenderit. Dolores qui molestias sed quae. Labore ea accusamus dolorem quibusdam reiciendis voluptate iste. Perspiciatis dolorem non quia error sit minus quis. Laudantium cupiditate porro sapiente asperiores cum. Deserunt beatae dolores ratione numquam et accusantium eos nihil. Quisquam et illum et suscipit amet perferendis dolores sint. Debitis magnam delectus adipisci harum. Dolorem et beatae neque assumenda aliquam sed repudiandae. Exercitationem quia sed voluptatum cupiditate. Eaque est sunt non beatae. Inventore ut ex eius. Odio omnis necessitatibus aut quibusdam consequuntur. Laborum provident earum aliquam praesentium at alias. Rerum magni ducimus necessitatibus. Cumque delectus labore voluptas rerum nulla.','2',10,1,'2023-05-24 22:33:22','2023-05-24 22:33:22'),(15,'Quia eos sed sit quo est in quo.','quia-eos-sed-sit-quo-est-in-quo','Doloremque expedita accusamus voluptate aut ut porro. Distinctio eum officia optio nisi cupiditate tempore tempore. Voluptatibus similique qui omnis molestias nihil sequi nisi. Est ex pariatur ea veniam. Illum et ut autem hic eligendi.','Harum cumque sit omnis molestiae est unde qui. Commodi dicta sunt occaecati voluptatem hic autem alias. Mollitia dolorem est est in sint. Molestiae consequatur velit magni. Sit tenetur similique magnam perspiciatis quod voluptatibus. Ducimus natus labore in ad aut. Porro porro quidem sed sit facilis. Qui dolore pariatur qui aliquam minus dolor. Molestias vero aut impedit unde sed consequatur aut. Vel id tempore quae. Magnam itaque corporis doloribus fugiat. Et veniam rerum perferendis ut voluptates illo repudiandae. Iusto voluptates vel qui est quia. At earum laboriosam pariatur eos aut blanditiis qui. Ducimus est excepturi vero dicta. Quo totam animi eligendi non numquam itaque minima. Qui inventore consequuntur consequatur quod autem veniam nisi consequatur. Saepe nemo reprehenderit ea commodi fuga natus. Ut eligendi expedita tempore facilis consequatur et minus. Doloremque blanditiis qui voluptatem qui nisi quibusdam cum. Quia doloribus doloribus nam officia natus omnis dolore optio. Aliquam ratione dolore velit omnis illo quos repellendus. Modi nulla reiciendis rerum. Et est et sunt repellat beatae quis non. Vel maxime eum repudiandae atque unde. Blanditiis ut est corporis ut. Et eos ut ut quis adipisci praesentium vel. Neque architecto et qui labore ad sit. Odit et temporibus dolorem magni esse. Illum placeat velit quisquam quasi et dolore. Voluptas temporibus nam sed. Ut qui odit est voluptas. Et deleniti labore ad nobis vel minima et. Incidunt tenetur similique laudantium ea ducimus excepturi eos. Vel ut voluptas ducimus et. Aperiam ab deserunt in nulla. Cum qui modi necessitatibus voluptate voluptates assumenda fugiat. Aut reiciendis corporis voluptatem tempora dolorum quo alias. Rem mollitia consequatur facere beatae velit ipsam. Magnam rerum nihil impedit cupiditate aut laudantium ut. Voluptas autem fuga rerum aliquam sed expedita. Nisi quas vel sequi natus voluptates.','1',2,1,'2023-05-24 22:33:22','2023-05-24 22:33:22'),(16,'Nostrum corporis enim voluptas veritatis repudiandae nulla.','nostrum-corporis-enim-voluptas-veritatis-repudiandae-nulla','Corporis et voluptas non assumenda exercitationem porro nostrum modi. Necessitatibus voluptatibus velit odio numquam libero autem. Et quae aut ut error reiciendis non. Ad provident molestias eos dolores suscipit omnis.','Ut dolorem sit corrupti dolor. Sit aut placeat omnis sint earum qui explicabo voluptas. Nulla perferendis occaecati hic ut nostrum. Optio vel aut possimus non. Qui modi quia autem dolores et. Iste molestias corporis consequatur voluptas commodi optio. Nihil harum architecto omnis voluptas dolorum et. Autem laudantium illum odio consequatur sint ut. Aut ipsam fuga omnis consequuntur et dolorum nesciunt. Nulla eius dignissimos enim explicabo ut quod exercitationem. Vero eveniet et modi corrupti est. Autem sequi molestias sit praesentium voluptatem officiis commodi occaecati. Doloremque saepe veritatis doloremque et sequi corrupti ad. Consequatur quasi minus ratione repellendus nihil facere. Itaque distinctio voluptatem harum autem. Repudiandae molestiae quia debitis dolore. Itaque molestias omnis eaque et officia et rerum tenetur. Veritatis et cumque ex nam animi. Sit aut recusandae dolorem unde magnam sed rerum molestiae. Ullam eligendi quae a molestias et. Error modi consequatur eos consectetur. Laudantium consequatur autem qui ea officia quisquam eos. In voluptatem id vel molestiae culpa corrupti aut. Explicabo sit dolorum nam ex. Laudantium ut fugiat nulla nam et. Voluptatem labore temporibus sint fugiat libero et accusamus qui. Impedit maxime odio consequatur necessitatibus. Consequatur rerum fugiat esse accusamus nemo et. Nobis cupiditate nihil dolorem quam fuga consequatur. Ab dolore architecto et aut possimus. Modi minus omnis maiores commodi enim ratione. Odio sint eos rerum atque et et repudiandae mollitia. Nesciunt est assumenda ut voluptatibus qui unde dolorem. Voluptatem atque molestias facilis dicta. Accusantium eius numquam ab sapiente qui cum. Dignissimos non sint repellat fugiat et repudiandae numquam. Dolorum autem est optio voluptatibus esse. Reiciendis repellendus sit saepe iusto in ab tempora. Aliquid et est nam. Perferendis ut dolores esse ut id. Fugiat eaque voluptates accusantium placeat commodi.','1',10,1,'2023-05-24 22:33:22','2023-05-24 22:33:22'),(17,'Consequatur voluptatem pariatur et fuga.','consequatur-voluptatem-pariatur-et-fuga','Omnis rerum tempore aliquam sunt facilis consectetur. Ab ut quis autem aliquid sed. Recusandae enim quia iste eos odit a. Praesentium ad ut ratione et optio. Ut et ea est quibusdam deleniti minima magnam eius.','Neque voluptatem quos adipisci voluptatem dolorem ad necessitatibus. Inventore deleniti possimus minima deleniti cupiditate laborum. Ab qui asperiores aliquid qui. Quis minima sint enim eligendi. Repellendus inventore voluptatum ad. Quibusdam ut sint laboriosam mollitia nesciunt quo fugit facere. Quia maiores quis sed non similique nisi porro sunt. Sed officiis placeat officiis autem dolores dolorem. Ea natus quo natus amet iure labore sequi. Consequatur corrupti odio accusamus asperiores debitis aut. Sit quidem placeat iste. Pariatur sequi sunt rerum ipsa aliquid cum laboriosam ullam. Harum accusantium incidunt ipsam repellendus. Quaerat error ab qui quia consectetur et. Magnam sed laudantium suscipit enim itaque ipsa cumque sit. Ducimus eos et voluptates quis aspernatur excepturi dicta. Unde in sed quibusdam vel laborum. Corrupti repellendus earum sapiente. Et voluptas aut odio numquam placeat. Ducimus praesentium consequuntur commodi autem doloribus omnis officiis. Enim sint voluptatem commodi quia rerum magnam consequatur. Quisquam deleniti ipsam id voluptate est. Et enim id et omnis sunt. Qui excepturi sint in asperiores nobis. Laboriosam ut rem quas iusto optio. Incidunt ab nisi quas quia et. Est alias omnis ut laborum ut. Ut saepe culpa at voluptates voluptatem. Doloremque earum deserunt rerum sit. Exercitationem doloribus doloribus ut nesciunt esse commodi consequuntur. Dignissimos iusto sed rem. Temporibus nostrum fugit harum optio fuga sit numquam sint. Et et odit vel facilis et. Eos maiores iste sed eum. Explicabo commodi sint quod maiores id veniam. Quasi ut laudantium quia molestias perferendis. Sequi tempore quis alias autem quia sit voluptatem. Distinctio sed ipsa eaque est voluptatem laboriosam enim quam. Et fugit eius aut sed. Quasi vel ut expedita aliquam.','1',11,2,'2023-05-24 22:33:22','2023-05-24 22:33:22'),(18,'Blanditiis voluptates sequi maxime quia et.','blanditiis-voluptates-sequi-maxime-quia-et','Sit doloribus qui incidunt repellat autem sapiente qui sunt. Libero perspiciatis officiis voluptas ut. Dolor accusantium temporibus doloremque et fugit nostrum quo laboriosam.','Aut facilis rerum fugit illum placeat. Debitis sint voluptatem corporis sunt qui iusto quo. Dolorum et harum ut nam. Quidem quia amet assumenda possimus est. Reiciendis exercitationem reiciendis ipsam ut. Maiores qui omnis cupiditate qui voluptatem enim dolore. Quas est unde molestiae inventore deleniti. Dolorem tempora nihil ad ducimus beatae qui non consectetur. Minus nihil sint vitae blanditiis. Ipsum accusantium fugit sapiente corrupti nisi reprehenderit. Dolorem voluptates quo occaecati dolorum inventore. Numquam ut ut possimus error. Et debitis facilis iste facere voluptas. Ut cumque non impedit. Aspernatur alias sunt aliquid est hic dolorum ex. Minima nam id tempora quia vel nisi nam veritatis. Reprehenderit autem voluptates consequatur possimus dolores ea. Quaerat omnis nesciunt dicta sint. Nemo delectus numquam aspernatur non in maiores labore. Maiores mollitia quasi velit quis. Sed quo non eum ut et quo porro. Autem ad eum asperiores est provident dolor. Aperiam et placeat voluptas. Distinctio facere sit dolor blanditiis delectus illo ut. Aut iusto excepturi ut corporis quo esse. Aut neque voluptas ut nulla nemo velit minus velit. Aut et minima amet nisi reiciendis. Vel officia voluptatem voluptas nesciunt alias quisquam. Assumenda sint accusantium ut sequi. Iusto numquam debitis repellendus qui maxime. Quia perferendis minima sit consequatur tenetur odio sed. Eos harum asperiores voluptates illum praesentium. At quae eos nobis beatae id. Sit delectus delectus reprehenderit itaque non cum quia. Sint qui sed molestiae itaque. Velit nesciunt nemo quaerat sunt veniam. Perferendis esse numquam aut accusamus quisquam non voluptatum. Enim dolores veniam quia accusamus molestiae nemo. Saepe veritatis non repellat corporis nisi ut. Excepturi illum inventore voluptas autem delectus. Molestiae error molestiae quasi natus consequatur.','2',3,3,'2023-05-24 22:33:22','2023-05-24 22:33:22'),(19,'Quia at quasi et a ipsam perferendis enim.','quia-at-quasi-et-a-ipsam-perferendis-enim','Error sed dolor facilis suscipit dolores. Non eaque eius amet sint ducimus nisi. Vero sit omnis reprehenderit sint.','Fugiat eligendi distinctio quia explicabo omnis qui. Ullam dolorum corrupti necessitatibus dolores blanditiis magni blanditiis. Quo qui voluptatem ut fugiat. Non recusandae sint rerum aliquam illo magni non. Aliquam sunt libero sunt quia voluptas et. Debitis eligendi ut voluptatem repellat facere exercitationem et. Qui velit animi repellendus nobis. Ut reiciendis eum quam. Porro qui ullam architecto dolor fugit fugit. Est quisquam labore consequatur provident repudiandae molestiae natus voluptatem. Eum ut sed incidunt. Fugiat non nam iste ea animi deserunt cumque. Esse ipsum sed eius est rerum. Doloremque doloribus ex quo dignissimos laudantium. Rerum tenetur neque quisquam maiores hic. Et voluptatem culpa dolor minima est enim. Quam harum quisquam atque consequatur voluptas earum omnis. Quidem libero adipisci debitis dolorum neque et necessitatibus. Minus aperiam culpa quia cupiditate. Quos pariatur ut ducimus ut occaecati quod ipsum iusto. Est facere deserunt ut fugiat dolor. Veritatis deleniti sunt vero blanditiis praesentium ea et. Dolorem et voluptatum eos necessitatibus voluptatem. Voluptas tempore omnis sunt doloribus earum velit modi suscipit. Iure ratione porro accusamus aut. Fuga quae dolorem ducimus autem ut commodi sint. Velit est et ea inventore autem consequatur. Et nemo quia possimus ut. Quis accusamus repudiandae at aut laborum fuga. Ea nam fuga nihil natus. Pariatur quibusdam deserunt possimus. Qui quaerat dolore ad et harum. Ratione molestiae voluptatibus commodi aut praesentium vitae cupiditate. Culpa et autem qui est nulla accusamus omnis. Tempora eaque quas doloribus dolorem. Eos in similique ut beatae qui qui officia. Eaque enim reiciendis ipsa mollitia consequatur quibusdam. Culpa ad consequatur accusantium consequuntur rem illum. Laborum nesciunt excepturi aut vitae porro consequatur. At et a voluptatum nihil voluptas doloribus. Quibusdam hic voluptatem et et consequatur eos.','1',5,2,'2023-05-24 22:33:22','2023-05-24 22:33:22'),(20,'Temporibus ratione ipsa laborum.','temporibus-ratione-ipsa-laborum','Officia mollitia est adipisci in. Velit accusamus rerum aut nulla et minus suscipit. Voluptatem quia esse possimus quia nemo nesciunt dolorem. Possimus maxime voluptate tempora aut maiores in vel. Est quos et est perferendis est sunt possimus.','Quod porro aliquid non mollitia laborum et ullam et. Ipsum odit voluptatem ipsam sit est repellat. Aspernatur id rerum itaque. Labore ut perspiciatis quia fugiat impedit dicta asperiores debitis. Sit occaecati ea ut tenetur dolorem qui. Quisquam repellat corporis sunt dicta deleniti. Amet culpa quae in voluptate et qui. Quia et minima libero culpa mollitia. Sunt reprehenderit et est ipsum doloremque quidem ipsa. Quis tempora neque a commodi. Voluptatem vitae dolorum sequi occaecati omnis sint. Iusto illum odio dolores. Non magni exercitationem non laborum molestias et cupiditate. In eum quo sunt et quae quas delectus. Tempore soluta molestiae vitae et quaerat. Molestias consequatur sint veritatis et quidem a. Quis recusandae corrupti praesentium consequuntur libero veritatis dolorum. Ut vel et et quo accusamus. Beatae a quisquam id quia aut velit rerum. Numquam maxime voluptatum molestiae. Et inventore quibusdam fuga optio non aut. Dolor sed velit molestiae. Blanditiis molestiae aliquid autem qui blanditiis laboriosam in. A ut et voluptas sed qui et. Est nobis voluptatem et id officiis commodi. Porro rerum voluptates nisi autem omnis dicta consequatur. Quia sunt porro enim praesentium eum tempore. Eum aperiam eos labore. Odit beatae blanditiis voluptates ut voluptatem mollitia rerum. Aut a itaque vel itaque est ullam et. Ullam magni et pariatur tempore. Nihil aut molestiae voluptate numquam vitae. Consequatur quia amet qui impedit rerum voluptate id. Et quia sint nobis voluptatem magni minus. Id adipisci officia minima nostrum. Nihil perspiciatis velit nulla. Tempore hic aut molestiae. Aliquam commodi dolor sed consequatur optio magni. Aut quaerat aspernatur id et non iusto est. Amet at fugit sint magni natus et. Eos distinctio repudiandae est sed error. Itaque vel ut dicta veritatis vel sed. Deleniti est qui velit officiis consequuntur dolor. Dolores repellendus quaerat fuga libero qui dignissimos ducimus iste.','1',7,2,'2023-05-24 22:33:22','2023-05-24 22:33:22'),(21,'Molestiae voluptas et et dicta quia.','molestiae-voluptas-et-et-dicta-quia','Atque harum recusandae dolor voluptatum qui. Architecto enim quia neque nihil ut voluptatibus quia. Veritatis neque dolores nisi atque et. Cumque ut soluta iste quis nesciunt quas et. Nisi est cupiditate officiis perspiciatis praesentium veniam.','Eligendi et ut et ut commodi maxime qui. Aliquam tenetur est enim laborum. Voluptatibus voluptas rerum aut possimus. Excepturi voluptates at veniam. Dolore quas dolorem nostrum rerum non neque quia et. Numquam quam repellendus necessitatibus qui. Ducimus voluptatem dolor quis deleniti consequatur. Sit est dicta quia sequi. Vitae voluptate consequatur pariatur molestiae laudantium veniam aut. Vel voluptates aut consequatur eveniet accusamus et omnis. Molestias incidunt ipsam aut dolor quidem placeat enim quam. Beatae consequuntur voluptatibus consectetur quo eos. Dolore libero hic inventore labore iste. Ipsum placeat dolore itaque est natus aperiam ut. Delectus ut eaque delectus recusandae in enim quas vel. Repellat ut magni quis aut. Suscipit et nisi ea. Quidem nihil voluptates est sequi quasi. Quas tempora aspernatur aut voluptate. Incidunt natus natus et quod blanditiis. Ullam porro autem tempore quisquam odio cumque. Ea necessitatibus consectetur accusantium quis vitae voluptas. Ducimus itaque vitae esse sit autem velit. Omnis molestias et non voluptas molestiae eos praesentium. Quia sequi quod quas aut. Ex iusto quis et dolorem deleniti molestiae laudantium. Voluptatibus enim velit corporis temporibus quia asperiores maxime. Voluptas nobis dolor excepturi. Eligendi eius est et et sit. Sapiente asperiores eum repellendus cupiditate dolorem exercitationem tempora. Reiciendis optio placeat assumenda sed. Atque saepe occaecati nihil id. Hic et odio voluptatem sequi omnis. Molestias minima reprehenderit dolor voluptas maiores quo. Nobis incidunt deserunt quis itaque perspiciatis aut. Voluptatem modi et est deserunt necessitatibus qui. Cupiditate mollitia molestiae minima. Dolor hic omnis quaerat eum numquam. Tempore reprehenderit optio veritatis optio tenetur aperiam. Minima quisquam repudiandae voluptas pariatur corporis quas.','1',10,2,'2023-05-24 22:33:22','2023-05-24 22:33:22'),(22,'Veniam minus molestiae sit corporis et et.','veniam-minus-molestiae-sit-corporis-et-et','Soluta vitae deleniti qui quos accusamus. Ut qui dolor voluptas qui sunt. Rerum quae nobis sunt autem.','Velit perferendis quae molestias ad quae modi. Facere quaerat in nam debitis. Et accusantium deleniti voluptatem ea occaecati. Minima id quo in voluptatem magni laudantium in voluptates. Aspernatur facere odio sit excepturi dolores corporis quia dignissimos. Asperiores consequuntur molestiae vel asperiores totam. Rerum at ut est voluptates iste officiis nemo. Nam voluptates qui saepe a non. Cupiditate facere enim nostrum ut aperiam facilis fugit voluptatem. Soluta ut aut modi dolor ut quia a. Asperiores nesciunt saepe esse non vitae iure beatae optio. Voluptas rerum pariatur atque. Ut culpa iure sit provident. Et id quas accusantium qui velit consequatur facere in. Esse vel eius molestias rem repellendus est. Sequi adipisci et nam dolorem tempora in. Dolores mollitia ut eveniet sint inventore fugit aut. Autem modi enim molestiae quo inventore accusamus. Ut deleniti aliquid ut dicta accusantium. Esse cumque sit vel. Nam debitis non libero distinctio facilis. Adipisci incidunt cupiditate molestias iusto. Id ut qui quo nam facilis suscipit dolor. Voluptas voluptates nesciunt animi omnis debitis nihil sit. Quas dolore qui in sunt non aut. Aut voluptatibus fuga voluptates repudiandae consequatur. Ullam eum molestiae qui nisi est aperiam molestiae. Iure quis aut vero voluptatibus. Quod perspiciatis amet labore facere qui quis molestiae. Autem recusandae sapiente ipsa accusamus qui consequatur nam velit. Et inventore sint voluptas ab. Ea rerum magni exercitationem pariatur consequatur. Excepturi accusamus mollitia ex et. Quia exercitationem porro officia ratione tenetur quod unde. Nemo qui voluptates qui. Animi soluta distinctio aut eius quam. Quis qui et eos exercitationem. Voluptatibus vero voluptas et reiciendis aut occaecati. Atque beatae voluptatibus et. Dolor accusantium et rerum odio. Consequuntur sed quae excepturi illo provident. Itaque saepe voluptatibus nisi cumque alias. Dignissimos qui aut non suscipit vero.','2',2,1,'2023-05-24 22:33:22','2023-05-24 22:33:22'),(23,'Itaque unde minima et culpa.','itaque-unde-minima-et-culpa','Natus ut aut quaerat sed autem labore aperiam earum. Ad voluptatum a rem cupiditate aut fuga voluptates. Quo molestias expedita voluptatem atque. Optio iusto recusandae labore consequatur esse consequatur.','Est tempora vel nihil repudiandae quisquam cupiditate incidunt. Cum molestiae quisquam aut atque amet. Ullam minima omnis dolorem rerum eum optio minus. Quae ut et perferendis hic repellat nobis. Doloribus dolore suscipit sunt quos. Minima sed aut impedit porro praesentium quis ipsam maxime. Consequatur et dolores iusto repellat repellat corporis. Quam provident tenetur ea officia dicta cupiditate. Est minus doloremque nihil harum perspiciatis ut minus. Non hic sed vero ut omnis perferendis consequatur. Sit molestiae suscipit eos consequuntur ut. Neque labore enim et sed voluptatibus quas mollitia. Qui voluptas eaque doloremque modi fuga ea accusantium. Reprehenderit nobis minus et nisi quasi sed asperiores. Voluptate ullam qui maxime ut. Dignissimos sunt quos suscipit et quibusdam perspiciatis asperiores explicabo. Et dolorem debitis quisquam aut et ut unde ut. Ut nobis ea eum corrupti. Quae officia voluptates ut qui quidem. Quod perferendis veritatis facilis similique voluptate. Ad voluptatem qui quas illo. Quia numquam laudantium dignissimos architecto sit accusamus numquam odio. Velit fuga nam et repellendus iste dolor. Quo quis odio non aspernatur. Ut dolore ea sunt sit aspernatur rem nostrum. Quia id officia facilis rem. Amet laboriosam iusto vel maxime nihil dolorum ut. In maxime omnis dolor explicabo reiciendis consequatur. Maxime quia commodi quis quae dolorem labore asperiores. Minus quidem quod sequi et voluptatum. Molestias consequatur optio consequuntur quos exercitationem iusto. Error et assumenda modi. Voluptates alias iste rerum enim tenetur facilis officia qui. Enim et veniam sit est nostrum amet aut. Est temporibus quis facere eligendi. Tempore velit explicabo error totam aut incidunt tempore. Quia dicta sequi ducimus aut aut amet. Qui ipsam quis ipsa non velit. Ducimus sit eum odio pariatur laudantium aliquam quae.','1',9,2,'2023-05-24 22:33:22','2023-05-24 22:33:22'),(24,'Voluptas inventore harum provident accusamus.','voluptas-inventore-harum-provident-accusamus','Libero totam cupiditate consequatur. Qui sed est blanditiis adipisci autem. Corporis eius cupiditate natus qui voluptatibus. Temporibus explicabo quas ea veniam deserunt nisi ipsam. Aut voluptatum consequatur consequuntur beatae et quo.','Laudantium reprehenderit quia assumenda quos ut et ut. Quia excepturi vero et dolor culpa ullam tempora. Deleniti numquam doloremque tenetur aut repudiandae id veniam. Omnis eum consequatur nihil dolorem. Quo cumque quas autem impedit facilis sit. Enim voluptatum dolorum officiis quam distinctio quo. Dolor nihil dolorem provident molestiae numquam. Fugit tempora minus autem nam. Nesciunt occaecati ratione dolor animi. Eum adipisci sunt ut eveniet ut. Et sint repudiandae nesciunt aspernatur. Aperiam optio delectus et laboriosam consequatur rerum in. Molestias unde esse doloremque. Libero ipsa est est maxime. Eos nisi porro repudiandae fugiat sed magnam. Nam illo occaecati reprehenderit magnam quod facere tempore. Culpa quia quasi quis et qui aut quo enim. Nulla impedit consequatur mollitia sed omnis. Quasi maxime cupiditate omnis neque vitae est facere et. Nulla consequatur voluptatibus et. Et debitis eos aut quisquam aut corrupti facere. Quas recusandae quisquam voluptatem quo laudantium doloremque non consectetur. Neque sit laudantium quia optio libero rerum libero adipisci. Molestias sequi voluptatem fuga sit deleniti alias quae. Error veritatis quia sit. Molestiae occaecati eos veritatis est. Accusamus velit est neque similique. Magni accusantium ullam aut illum vero adipisci. Voluptas facilis consequatur modi libero temporibus quo velit. Deserunt numquam quia consequuntur. Vel voluptatibus nihil aliquam cumque voluptatem voluptas ut. Sit ut omnis error minima aperiam. Cum non cupiditate tempora iste. Sit sunt corporis rerum molestiae assumenda et labore. Vero autem reprehenderit fugiat perspiciatis et aut quia. Odit eaque quis non veritatis officiis. Repudiandae voluptates voluptas sequi commodi. Nulla et adipisci est explicabo eligendi quasi. Necessitatibus ducimus error corporis nesciunt autem. Culpa in aut aspernatur eos dolores nam fugit omnis.','2',11,1,'2023-05-24 22:33:22','2023-05-24 22:33:22'),(25,'Eum voluptates molestias eius quis accusamus.','eum-voluptates-molestias-eius-quis-accusamus','Sed quia ex quas et inventore neque saepe. Fugit omnis nulla tenetur impedit facilis optio. Cumque veritatis similique praesentium eveniet.','Vel dolor recusandae rem mollitia dolores perferendis iste. Et eos aut vitae libero natus modi amet reprehenderit. Esse doloremque odit illo nesciunt omnis aut assumenda. Harum nemo dolores qui dolore. Nihil consequatur natus fugiat ut temporibus. Minima alias vel iste animi voluptatem reprehenderit velit occaecati. Sint quo eveniet labore est esse mollitia consequatur quasi. Distinctio rerum est tempora nihil ut officia voluptates. Nulla non iusto minus voluptatem. Blanditiis rerum aut labore labore. Modi enim alias qui quaerat iusto quae minima nisi. Ut id officiis qui odit ullam eum sit. Minus earum occaecati quo earum. Eaque molestias dolor et culpa assumenda est aut nam. Aut explicabo voluptatem aut non magnam quibusdam. Deserunt sed ex distinctio quia ipsum rerum rem. Rem tenetur sunt distinctio ut iure. Vel quidem impedit iure quas. Repellat sint id dolore inventore aspernatur eveniet. Enim vitae aut ducimus et. Labore sit et repellat labore. Earum est velit consequatur voluptas distinctio. Sapiente et ut voluptate quos odit pariatur quo. Architecto ut asperiores eos porro. Quia assumenda unde temporibus maxime et recusandae. Excepturi minima sunt aperiam. Dolor consequatur sit illum est atque. Ipsam et sapiente exercitationem voluptatem amet neque laborum. Dignissimos itaque eos nesciunt dolore. Nulla quam aliquam dicta cum qui illum impedit. Corrupti culpa dolores impedit. Quibusdam dolorum est consequatur eos. Ut quasi illo commodi temporibus et. Sunt labore accusamus quis ea velit. Ratione consequatur laboriosam quibusdam dicta est vero distinctio. Sit ut at quo quo vel consequuntur. Aperiam velit possimus corporis officia rerum. Est consequatur porro veniam ut praesentium tenetur doloremque. Quaerat excepturi dolore ad eveniet. Rerum et totam accusamus labore ratione natus. Iusto nobis praesentium eaque ab eveniet et doloremque doloremque. Quasi recusandae quisquam et.','2',7,4,'2023-05-24 22:33:22','2023-05-24 22:33:22'),(26,'Qui quaerat maiores rerum minima.','qui-quaerat-maiores-rerum-minima','Dolore temporibus maiores rerum nam asperiores. Sit veniam autem facere atque sed labore. Tenetur qui possimus mollitia pariatur ratione. Qui commodi et inventore officia ipsum sit. Magni sit aspernatur aut similique possimus dolores molestiae.','Minus voluptatibus sit et animi velit sit. Ipsam autem qui repellendus iste rerum. Asperiores et ipsam magni architecto non et labore qui. Vel repudiandae quas qui unde omnis consequatur ut. Error tenetur maxime eligendi blanditiis quibusdam sapiente omnis. Amet vitae laborum quos libero. In corrupti ducimus ut repudiandae facilis iure dolores. Perspiciatis ipsum expedita ut voluptatem ut voluptatem. Aut esse provident qui odio voluptas vero voluptatum qui. Ipsum aspernatur unde inventore laborum. Officia itaque possimus accusantium perferendis eum. Commodi debitis ipsum aliquam. Magnam sit ipsam ut aspernatur et qui. Quam laudantium est doloribus sit. Dignissimos officia voluptas in qui. Et deleniti ducimus est maxime nihil. Quisquam placeat autem et et sed. Libero nesciunt distinctio numquam voluptas. In tenetur quos delectus officia officia quam et sit. Nobis dolorem velit dolorem dolore rem. Nihil occaecati dolorem sunt et labore. Molestias suscipit in voluptatem inventore. Veritatis consequatur est eius corrupti. Dolorem sapiente placeat voluptatem velit ut nihil non. Itaque sed laudantium cupiditate dicta. Est aspernatur perspiciatis fugiat beatae molestias. Perferendis necessitatibus quibusdam optio qui. Nulla enim ex non non ut ratione dolor. Fugit enim rerum consequatur veritatis rerum dolor. Animi sit excepturi aut dolores saepe. Perspiciatis quo molestiae quam saepe et sit labore. Sint veniam accusantium officiis tempore cum. Quas facilis reprehenderit harum quod sit. Maiores et enim ut et quia nisi et nesciunt. Cumque quia aliquid doloribus pariatur illo maxime fugiat. Illum sunt voluptas veritatis quo non accusantium. Sunt ut error adipisci. Incidunt reiciendis provident reiciendis accusantium et. Deleniti tenetur voluptatem natus cupiditate. Magnam aliquam eum sequi enim veniam ipsum perferendis ullam. Blanditiis dolor dolorem laudantium placeat blanditiis officia ut.','1',1,2,'2023-05-24 22:33:22','2023-05-24 22:33:22'),(27,'Voluptatum iste sed natus atque est ipsa.','voluptatum-iste-sed-natus-atque-est-ipsa','Sequi rerum rerum esse suscipit. Natus autem voluptas omnis consequuntur amet. Reprehenderit repellat adipisci quis similique at. Deleniti autem magni perferendis voluptas ea. Asperiores fuga deleniti ut reiciendis est quia.','Laborum impedit officia quo impedit voluptates tenetur sed. Quisquam consectetur magnam voluptatem ipsam voluptatem. Amet voluptatem molestiae tempora commodi quasi consequuntur. Voluptatem velit distinctio autem est assumenda tempora iure. Et error error a quaerat. Unde quo corporis qui aut natus corporis. Dolorum molestias libero quas tempore est sit aut. Voluptatum molestias maxime quo. Odio rem dignissimos eaque soluta. Amet delectus et nesciunt eius nobis. Ut quo molestias voluptas fugit accusamus sint cupiditate. Autem impedit voluptatum sed culpa quasi quae. Repellat veniam laborum exercitationem ut quos fugit. Adipisci cupiditate qui architecto et sed ab. Et consequatur eveniet omnis dolorem quis molestiae aut. Beatae rerum aliquam vel aliquam consequatur ipsum provident. Sequi dolores dolores dolore rerum sunt nihil. Voluptas incidunt sed temporibus neque earum alias aut. Sed quisquam unde voluptatum aliquid officia nisi ipsum. Et at culpa ea error qui. Sit officiis rem qui cumque et harum ut. Dignissimos fuga voluptas illum laudantium deleniti. Sit laboriosam qui aut ducimus vel. Est provident facilis quos. Vero optio natus non consequatur. Dolore ut sit natus voluptas et sit. Animi est doloribus vitae fuga minima id tempore. Perspiciatis voluptas quisquam porro ab repudiandae expedita distinctio consequatur. Deleniti non excepturi et perferendis ut. Temporibus repellendus modi eum adipisci excepturi perferendis esse. Velit distinctio aperiam culpa fuga. Ut vel at recusandae eveniet. Voluptas voluptas quisquam fugiat corporis et. Et modi laborum quam numquam consequatur aliquam rerum. Totam vitae laboriosam aspernatur quia. Non et quia provident est possimus. Aperiam hic dolores non mollitia totam dolorem dolorum nesciunt. Dicta dolorum laboriosam quis perspiciatis magnam. Molestiae voluptas qui et hic animi maiores sunt. Quas magnam nobis labore est omnis. Dicta modi corporis autem fugit.','1',9,2,'2023-05-24 22:33:22','2023-05-24 22:33:22'),(28,'Eos ipsam aliquam fugiat aut esse velit quia.','eos-ipsam-aliquam-fugiat-aut-esse-velit-quia','Exercitationem exercitationem exercitationem ut minima. Est aut totam itaque omnis nobis.','Recusandae unde est porro dignissimos voluptates autem quas non. Quis iste rerum iusto veniam. Omnis magni consequatur alias veniam aliquid autem distinctio. Ratione consequatur voluptas recusandae quasi culpa debitis non. Vel unde doloribus recusandae non recusandae quia consequatur. Qui ratione sed nam ut. Sint eos temporibus harum dolor. Fuga porro architecto consequatur qui ipsam. Ab ut dolores qui sit at dolorem architecto. Omnis est ipsum voluptas est maiores necessitatibus aperiam quae. Ut praesentium aspernatur similique qui. Alias error atque quasi optio. Maiores ut natus molestiae suscipit corrupti et. Numquam a consequuntur harum tenetur. Aut ut eum nihil perspiciatis. Amet sint nihil rem rem fugit et doloribus. Rerum corrupti nihil quos illo excepturi eveniet. Qui veniam harum voluptatem repudiandae sapiente. Repellendus non dicta et quis error nostrum et. Quas blanditiis veniam aut ad. Vitae veniam tempore rerum doloremque sapiente natus. Ratione saepe odio voluptatem similique atque est. Rem adipisci rerum ut modi possimus. Omnis esse soluta et non inventore et. At eos ullam velit laudantium qui. Qui quisquam ex et unde veniam. Dolor molestiae non inventore eligendi ipsa rerum. Quaerat consequuntur quia magni explicabo laborum in. Pariatur ipsum esse sunt accusamus impedit qui. Occaecati repellat natus porro iusto non. Voluptate rerum quaerat voluptatem omnis aliquam. Et ea non molestiae. Dignissimos vero est beatae dolorum sint et. Earum blanditiis ut sed est harum quia. Aut itaque magni nobis dolores. Officiis modi maxime eum vel temporibus. Sed aliquid repudiandae et dolor aliquam. Eos non deleniti atque dolorem. Necessitatibus dolorem ad dolorem modi quasi. Omnis qui quidem rerum voluptatem voluptatum commodi. Et reiciendis quis aut vitae quis ab placeat. Dolorem recusandae minus ab non fuga voluptate.','1',7,2,'2023-05-24 22:33:22','2023-05-24 22:33:22'),(29,'Rerum dignissimos quis nobis cumque voluptatem.','rerum-dignissimos-quis-nobis-cumque-voluptatem','Ad ullam nobis eius corrupti rem dicta. Aut aperiam magni atque sed ut omnis tempora. Ut nam saepe sit labore explicabo. Dolores assumenda dolor accusantium alias. Occaecati voluptas officia totam.','Veritatis ut ut ipsa. Non sunt suscipit qui eos autem. Non autem reprehenderit repudiandae reiciendis et. Nostrum voluptatem aut est autem. Aspernatur voluptas consequuntur occaecati. Aperiam saepe iste sed ut. Consequatur dignissimos ratione laborum dolorem. Est impedit dolore molestiae eligendi. Inventore quas vel debitis cum. Deserunt ut voluptatem consequuntur dolor explicabo. Molestiae neque eius et suscipit. Deserunt consequatur voluptatem consequatur praesentium. Porro corrupti non facere unde eum est ea. Sunt voluptates aspernatur nostrum molestiae et sequi. Vel dolores temporibus qui quas et est. Possimus blanditiis qui ullam nihil id esse. Cupiditate ducimus architecto ipsum iste laborum nisi. Repellendus eaque neque eveniet placeat rerum est. Autem modi dolorum sed autem eaque. Sed nemo consequatur fugit quia iusto similique. Deleniti eveniet consequatur ad expedita nisi dolorem et. Ab iusto quas autem non. A sed deserunt aliquid neque unde quod. Iusto eligendi ratione consequatur sunt quae ut ullam. Sit eaque dolores mollitia at officiis sequi. Sapiente saepe earum dolor porro cupiditate. Deleniti sed aut debitis rerum eveniet impedit quia. Ut sed sint suscipit est at. Porro illo non iste quia quam quaerat vel. Nesciunt atque cupiditate et reprehenderit omnis. Aut facere excepturi sit dicta in veniam. Est sed reprehenderit aut eaque quisquam. Et numquam ipsa qui ab non. Ex nostrum iure fuga totam rerum voluptas. Deleniti eos fugiat et consequatur consequatur consequatur iste. Maxime architecto minima est doloremque ut officiis amet. Quasi doloribus aut sed et. Et nesciunt nobis praesentium voluptas. Omnis et nihil at. Neque enim optio itaque. Praesentium qui facilis omnis quam modi. Distinctio cumque eum adipisci accusantium. Aliquam et aperiam explicabo consequatur quod. Et ut et voluptatem ratione. Possimus rerum pariatur aut. Velit est repellendus magnam molestiae sequi praesentium quas. Excepturi natus quia eum aspernatur sunt vel vel.','1',10,2,'2023-05-24 22:33:22','2023-05-24 22:33:22'),(30,'Enim veritatis autem ut qui molestiae ea ut neque.','enim-veritatis-autem-ut-qui-molestiae-ea-ut-neque','Ut eaque veniam consequatur sunt quos ducimus. Velit expedita voluptas voluptatum nesciunt laborum et et quae.','Placeat quam adipisci maiores culpa perspiciatis cumque. Quia eos laboriosam soluta minima ipsum. Cum culpa corporis rem ea sequi et esse. Molestiae temporibus labore quae tenetur est quia. Numquam accusantium esse nesciunt et. Excepturi qui omnis eius reprehenderit. Est labore ipsa aut nesciunt atque. Distinctio enim vitae sit eos. Delectus voluptas labore earum nostrum tempore vero. Nostrum magni vitae dolorem inventore id. Cumque sint similique ut vero. Corporis temporibus dolorem quia neque omnis alias repellat perspiciatis. Sunt voluptates ut quidem fugit aliquam. Quaerat nam fuga aut voluptas ut nostrum. Sed fuga ipsa voluptatem velit est et. Maxime eius nemo odit incidunt. Velit nobis voluptas quis doloremque quae. Temporibus itaque ipsam voluptate dolores id. Doloremque optio nam in id. Unde commodi occaecati impedit. Velit sapiente aliquam qui. Magnam quia dolores blanditiis dolores aut ex. Aut nostrum illo reiciendis ducimus. Quisquam aspernatur eos eum blanditiis. Vel aliquam qui beatae repellat alias nesciunt ducimus. Animi vero rerum fugit ex rerum id. Voluptatem nam ratione et doloremque ut laborum distinctio. Sit esse dolorem expedita magni. Nulla neque voluptate eaque est est. Eum sapiente qui sunt nihil. Sed iure aperiam unde commodi animi omnis. Totam omnis reprehenderit repellat ad vel dolorum. Et ipsa recusandae et numquam harum earum voluptatem. Adipisci eveniet ut ullam maiores itaque corporis molestiae. Possimus illum rerum dolorem voluptatem adipisci deserunt id iste. Explicabo a possimus dolorem beatae reprehenderit quae aut. Inventore voluptas deleniti sit. Sint sed eius perspiciatis. Omnis iste ipsum quia voluptatem. Cupiditate sequi cumque facere laborum reiciendis ad ea distinctio. Quia praesentium neque quia ipsam quod veniam iure. Suscipit provident nihil odit ut possimus soluta ut. Cupiditate reprehenderit repellat omnis qui illo laborum.','1',1,4,'2023-05-24 22:33:22','2023-05-24 22:33:22'),(31,'Non aspernatur est ipsum quia atque quaerat.','non-aspernatur-est-ipsum-quia-atque-quaerat','Ut porro quod ea quae animi quasi. Ipsa ut possimus aliquid enim. Nihil autem omnis assumenda et ullam possimus sunt aut.','Odio dignissimos aut tempore. Et quod perferendis optio rerum qui porro. Dolore ipsam debitis laudantium fugiat. Fugiat voluptates illum sed adipisci vitae. Alias atque recusandae consectetur aliquid nisi. In mollitia mollitia repellendus repudiandae suscipit. Temporibus minima exercitationem quod voluptas dolores. Id est dolorem blanditiis quisquam omnis et est. Facilis magnam quod delectus sed animi et qui. Incidunt ratione necessitatibus amet eum. Eius molestiae minus consequatur magnam id quia dolore. Saepe ex occaecati quae est quia. Non ab eum omnis recusandae aspernatur dolorum omnis. Ex inventore eaque placeat dignissimos voluptatem. Quia sunt est animi temporibus vel vero. Tempora iure iure officia. In sit commodi fugiat. Deserunt est enim natus aspernatur. Quas dolor aperiam et voluptas. Quia quia ipsam quae libero doloremque et enim. Quae nobis nihil aut. Qui quas voluptatem earum est. Placeat facilis architecto nihil velit repellat occaecati. In unde iusto nam voluptates. Ut atque voluptatem qui nesciunt voluptate suscipit hic occaecati. Aut eum cupiditate et a. Molestiae rerum magni vero tempore quo quaerat. Libero rerum error ipsa et ipsam. Laboriosam pariatur amet quia animi debitis ab earum. Labore et debitis incidunt debitis. Rerum ut rerum autem qui facilis magnam libero. Quas velit exercitationem amet deleniti alias. Nesciunt ad enim quasi quia quaerat deleniti. Ad facilis quam quod expedita assumenda aut aut. Et autem nulla repellendus accusamus. Dolorem mollitia itaque deleniti sit. Nesciunt rerum eius tenetur ipsam. Minus expedita ducimus dolorum saepe in qui quas. Ad quo nostrum eum enim facilis. Asperiores sequi ad quia. Beatae et aliquam magnam eum. Odit soluta odit ducimus quis magni ex. Nobis libero quo quae deleniti. Fugit consectetur ad quia laboriosam ex. Et ut et sunt est sequi excepturi recusandae. Sunt qui non rerum fugiat.','1',1,3,'2023-05-24 22:33:22','2023-05-24 22:33:22'),(32,'Sit ea quam sunt perferendis nostrum.','sit-ea-quam-sunt-perferendis-nostrum','Excepturi fuga quidem ipsum ipsum. Delectus asperiores nihil ipsa sed voluptatem. Provident qui ea rerum impedit autem. A libero porro omnis consectetur qui alias. Deserunt eius quis iure omnis.','Corporis corrupti exercitationem corporis laboriosam aut ullam debitis. Nisi beatae quo sed qui corrupti vel. Cum quam ut non. Facere animi qui ullam ducimus iusto consequuntur qui. Ut corporis voluptas ut non eveniet. Autem quaerat delectus voluptas labore. Aut est earum quia omnis nemo possimus. Qui modi qui aut tenetur. Eos sit corporis quasi iusto reprehenderit vel sequi. Saepe nostrum tempora ratione praesentium. Sunt vero deleniti ut dolorem aut sunt. Perspiciatis beatae sunt temporibus ratione itaque. Accusantium hic excepturi blanditiis nihil rem sunt. Eos quam labore qui sit accusamus rerum. Fuga et nemo officiis tempora debitis ducimus voluptatem. Et veniam error deserunt expedita quis et. Ducimus unde eius commodi deserunt corporis labore. Vero et sit quas neque quis et. Rerum veniam cupiditate distinctio sunt rerum. Aut voluptas ut corporis consectetur. Magni repellat cumque sunt ex sit repellendus itaque. Omnis quis non temporibus amet perferendis sunt. Dicta necessitatibus dolorem tempora nesciunt qui sed labore dolore. Labore enim nihil quia occaecati quidem ut. Perferendis quia eos aut sunt. Et autem dolor sunt. Ea aut ex quam voluptatem quisquam dolor nam. Ut qui rerum ducimus exercitationem error. Autem aut eum eos esse sed est consequatur quibusdam. Repudiandae quos dicta similique consequuntur velit. Eum deserunt iure nihil perspiciatis ipsum. Magni voluptates consectetur officia corporis officiis tenetur. Itaque reiciendis vitae explicabo iusto soluta. Beatae voluptas a quia eos. Sequi quasi ut ducimus amet officiis accusantium suscipit. Laboriosam perspiciatis nobis debitis. Nihil ratione velit in ea voluptatibus ea id. Magni pariatur ad aut est quod sit quae. Voluptatem voluptates sunt debitis dolorem ut. Repellat molestiae nisi repudiandae fugiat nisi harum dolor aliquid. Quibusdam nostrum et quo.','1',3,1,'2023-05-24 22:33:22','2023-05-24 22:33:22'),(33,'Et reiciendis velit porro et nesciunt assumenda.','et-reiciendis-velit-porro-et-nesciunt-assumenda','Ullam sunt aperiam dolore laborum harum eaque et minus. Debitis voluptas magni iusto vel tempore delectus rerum. Dolor quam cumque rem ex est. Sunt impedit deleniti non rem ipsam accusamus.','Doloribus voluptas id aspernatur aut sed cum. Dolore laudantium soluta fuga iusto sed aperiam. Qui incidunt fugit in reiciendis totam. Accusamus at ut minima ut dolores animi et voluptas. Sint animi explicabo et qui voluptates numquam corporis labore. Nihil earum et accusantium et consequatur fugit praesentium sed. Aperiam aut occaecati fugiat modi est voluptatibus dignissimos et. Quidem vitae ut amet et voluptas et. Ullam sint et qui eum. Ex aut est rerum eos modi consequatur sunt. Hic perspiciatis atque voluptatum voluptates eaque exercitationem quasi. Maiores aut sunt ratione iure est fuga est. Quis ipsum rerum vero. Sed enim maxime illo aliquam qui omnis non nemo. Quidem vel minus ut voluptas tempore quia. Sed aut quas qui ea non quas libero et. Dolore temporibus ducimus eveniet aspernatur error sint. Perspiciatis enim libero eum excepturi. Et debitis sed et dolorem aut facilis non sed. Omnis reprehenderit amet quo expedita. Laboriosam et quibusdam reprehenderit tempore optio est ex. Quaerat praesentium sed sunt beatae quidem similique. Modi delectus fugiat est non ipsum. Provident aut quia laboriosam maiores rerum voluptatibus. Eum suscipit odit est non. Qui dolores asperiores dolore ex eligendi consequatur quos. Quae eius aliquid dignissimos sapiente. Nihil consectetur deleniti quod pariatur quia. Suscipit sunt quam et velit ducimus sapiente labore. Magnam eum quisquam nobis qui. Voluptates omnis quo ea officia debitis error. Sit vero commodi ullam architecto voluptas veniam. Esse voluptatem perferendis sed amet aspernatur accusamus ea. Nobis et velit alias architecto consectetur inventore. Corporis repellendus voluptatem officia esse animi. Illo aut praesentium deleniti in a totam odit. Impedit qui consequatur provident qui id. Expedita officia cumque qui facilis quis. Est voluptates occaecati autem quo rem. Ullam ducimus quis omnis minima molestiae. Ducimus beatae facilis nulla est. Quod amet libero praesentium consequatur iusto officiis dolorem.','2',5,1,'2023-05-24 22:33:22','2023-05-24 22:33:22'),(34,'Doloribus dolor qui voluptatem dolorem.','doloribus-dolor-qui-voluptatem-dolorem','Dicta omnis quae voluptates officia et. Nisi adipisci doloribus velit et sit. Eligendi laborum minima enim illo nihil culpa.','Consectetur magni nam et voluptas. Quae pariatur necessitatibus odio sint suscipit. Animi odio praesentium molestias qui et velit ullam quos. Aut hic fugiat aliquid aut. Vel laboriosam vel excepturi reprehenderit recusandae. Recusandae sit consequatur sunt ipsa aperiam non. Laborum unde quaerat in consequuntur fuga. Et eius et unde quisquam perspiciatis eveniet ab. Rem laboriosam incidunt est. Cum sed distinctio omnis in aut porro aut. Sint vel suscipit sed. Laborum ad in illo. Est porro consectetur rerum facilis incidunt sed qui. Consequuntur quisquam libero reprehenderit iusto voluptate rerum. Amet voluptate rem ut temporibus. Incidunt distinctio molestiae ut explicabo ea. Voluptatem recusandae deserunt ipsam nihil ratione. Et debitis asperiores consequuntur cum voluptatibus error. Omnis voluptatum deserunt perspiciatis iusto molestiae. A quia quia eligendi ea eum placeat aperiam. Ut quia qui consectetur enim officia perspiciatis. Consequatur alias facilis consectetur asperiores inventore asperiores est iure. Iure optio sit nostrum hic qui. Quia dolorem ad nulla molestias ratione tempora nemo. Reiciendis qui nam ipsum unde laudantium id. Qui at nesciunt odio. Enim nisi facere alias reprehenderit autem. Non reprehenderit ratione enim et eligendi aut doloremque. Est blanditiis tenetur tenetur quo id et qui. Ut temporibus aut vel corrupti. Et nemo ducimus consequatur fugiat corrupti voluptate id. Veritatis non impedit excepturi ipsum similique. Provident cupiditate occaecati sed aspernatur. Consectetur ab quo veritatis reiciendis adipisci amet tempore. Ut dolores id dolores. Sapiente id ratione accusamus veniam quo voluptas. Esse fuga nostrum provident sed. Quasi minima doloribus sequi omnis odio. Cumque est in impedit sequi. Et est quisquam ea suscipit maiores qui. Velit velit illo ut omnis magnam maxime aut. Illo inventore nemo eos quaerat iusto nam quos non. Quia non harum unde veritatis debitis possimus. Consequatur aut veritatis maiores beatae rerum aut.','2',8,1,'2023-05-24 22:33:22','2023-05-24 22:33:22'),(35,'Nobis maxime aspernatur libero sint sit eos est.','nobis-maxime-aspernatur-libero-sint-sit-eos-est','A quia reprehenderit quam beatae. Maiores nihil unde minus voluptas ipsam laboriosam nihil ex. Et repellat omnis placeat aperiam iure eligendi modi aut.','Quis ratione quisquam praesentium facere maxime. Nihil nisi optio quia. Optio totam excepturi fugit nihil ut fugit. Deleniti culpa vel quia ut aut eos ut. Id porro dolor assumenda enim mollitia non rerum. Illo ad expedita quos dolorem. Quidem enim sint architecto expedita aperiam. Et suscipit ut deserunt eligendi soluta et doloribus. Rerum laudantium quo quia odit voluptatum sint distinctio. Harum voluptatem officiis culpa nam ipsa quia. Dolor dolorem sint optio ut ipsa. Voluptas ut deserunt et est quis amet et commodi. Voluptatem expedita aut dolor quibusdam magni assumenda velit. Ea ut cum consequatur aut. Impedit et et doloremque adipisci illum. Consequatur suscipit nihil facere incidunt eum. Facilis sit aut nulla quos quae. Et libero voluptatum architecto exercitationem et deserunt. Voluptatibus voluptatem suscipit ipsa minima ratione similique perferendis rerum. Eos modi labore quasi sit cumque doloremque magnam ullam. Inventore nihil reprehenderit itaque dolore provident qui excepturi. Sequi illo inventore sint porro dignissimos dolorum fugiat. Consequatur ut placeat aut voluptatem quos. Cupiditate dolor dolorem aut eos architecto. Eligendi molestias et doloremque quibusdam. Omnis et harum qui dignissimos in quidem voluptatem. Voluptas tenetur vel quis quisquam dignissimos in error culpa. Dolor non eius enim odit magnam magni sunt reprehenderit. Molestiae consequuntur eos aspernatur magni quis. Quo autem laudantium sequi rerum est quasi porro. Reprehenderit et nam iste libero. Occaecati sit voluptatem qui molestiae libero rerum. Quidem amet voluptate voluptas quia et vel reiciendis labore. Est magni unde debitis. Placeat nulla est nisi placeat exercitationem qui. Sit autem at assumenda quo ab eum quia. Et et corrupti sit dignissimos amet debitis quia. Et repudiandae voluptas minus atque eum voluptas.','2',1,3,'2023-05-24 22:33:22','2023-05-24 22:33:22'),(36,'Quis accusamus incidunt ea ipsa vero error qui.','quis-accusamus-incidunt-ea-ipsa-vero-error-qui','Ut ut tempora est. Ipsam laboriosam voluptatem animi ipsum. Repellat dolorem dolorem vel perspiciatis dolorem. Est veniam aut eaque qui blanditiis enim facilis.','Nihil repellat quibusdam quae neque vitae illum eos. Qui est totam consequatur officiis ducimus ut. Doloremque eaque voluptatibus quo culpa. Voluptate ea unde maxime ducimus placeat ipsum officia. Vero consectetur quia amet eum earum voluptas reprehenderit. Non non in ducimus dignissimos temporibus ea sed. Doloremque distinctio eaque vitae ea quis. Commodi vel omnis iusto est vitae magni eum. Autem quas qui nihil accusamus. Qui dolorem et et ipsum voluptatem. Quis iusto quae est molestiae officiis totam. Inventore consequuntur adipisci modi enim delectus voluptatem incidunt. Fugiat id facere nostrum reiciendis sed. Ipsum nulla tempore unde quo est voluptatem. Porro optio eius eum ut nulla repudiandae. Explicabo non corrupti cupiditate accusantium eveniet saepe incidunt in. Saepe et asperiores est est totam impedit. Iste iste nesciunt deserunt et sequi voluptatem odit. Voluptatem rerum expedita debitis dolor. Et aut mollitia deserunt necessitatibus quia aperiam. Minus eius nemo similique voluptatem harum vitae aut id. Autem maxime dolorum sit blanditiis voluptas. Vel distinctio ratione repellendus autem commodi et sint. Quia non laboriosam nihil voluptate maxime sed in. Et dolor voluptatem accusantium. Aspernatur ut architecto et nihil. Nemo sequi et recusandae atque porro est necessitatibus. Adipisci qui aut nulla harum. Quibusdam libero et doloribus ducimus. Laborum blanditiis at voluptatem sunt. Accusantium possimus voluptatem voluptatem eius magni odit blanditiis. Quia dolorem iste fugiat reiciendis repellat dolor. Dolorem porro incidunt eos id sit quis laudantium. Quia aperiam voluptatem debitis assumenda et. Exercitationem dolorem assumenda quia delectus. Saepe omnis molestias ullam architecto illum et. Reprehenderit quis voluptas perferendis esse voluptatem est ut ad. Nostrum unde libero aut nam. Autem officia qui temporibus quidem numquam. Illum qui veniam dicta dignissimos non vel.','2',4,3,'2023-05-24 22:33:22','2023-05-24 22:33:22'),(37,'Mollitia incidunt aliquam quis quis quia.','mollitia-incidunt-aliquam-quis-quis-quia','Harum ipsum eum sequi harum aspernatur optio est sequi. Mollitia voluptas veritatis molestiae quae reiciendis qui maxime. Suscipit ut ratione quis nostrum qui non fugit eveniet. Optio et aliquam corporis eveniet aut velit et.','Quibusdam sequi commodi nulla enim voluptates. Non accusamus ut sit et. Fuga quo veniam quia illo. Veniam non dicta id reiciendis animi. Eos quia ut qui ut dolore nemo adipisci. Quibusdam error est nulla nisi numquam. Dolores delectus aut qui. Soluta quo reiciendis voluptatum temporibus exercitationem quo id. Et nobis repellat nulla est illo odio. Ad aut harum explicabo sapiente qui quia. Delectus corrupti earum modi. Dignissimos expedita totam ut labore porro. Odit et ex veniam quae vero. Expedita ea est aut rem. Sunt ut et at quaerat enim. Consequuntur veniam rerum debitis eligendi velit vero et. Ab nostrum dolores placeat mollitia ipsam deleniti recusandae. Et doloremque dignissimos possimus eum debitis. Ut illum illo totam. Quod est harum voluptas ut dolorum aut qui. Sit molestiae aut tempora harum nostrum dolores omnis fuga. Ad consequatur occaecati rerum adipisci animi. Autem sint dolorem aut mollitia harum et. Iusto aliquid explicabo fuga minus sed doloremque. Labore voluptas quo inventore esse. Hic quos beatae laudantium nulla cumque quam. Nihil numquam quis minus praesentium qui perferendis fuga. Neque aspernatur aut eum delectus eius molestias molestiae. Minus pariatur consequatur ab laborum harum. Officia rerum similique hic provident fugiat numquam. Ut est perferendis recusandae consequatur. Sed quod nisi reiciendis vel reiciendis ex totam. Ex quae suscipit modi iste. Et quis eius harum hic. Id ea voluptatem porro at autem recusandae. Repellat sed soluta excepturi autem nobis aut recusandae. Assumenda dolorem pariatur placeat consequatur doloremque. Ipsam facilis temporibus ut ut magni iste. Dolor qui illum quaerat eos ut non laboriosam. Enim eos amet fugiat exercitationem id sunt. Autem itaque velit neque. Quas corporis consequatur saepe laudantium incidunt qui. Eos voluptates blanditiis explicabo mollitia.','1',1,4,'2023-05-24 22:33:22','2023-05-24 22:33:22'),(38,'Velit iste quaerat laudantium dicta fugit.','velit-iste-quaerat-laudantium-dicta-fugit','Repudiandae quod provident placeat ipsam repellendus. Voluptatem et dolor quos repellat nemo perspiciatis sint. Voluptatum ratione dolores atque sunt consequatur molestias molestias.','Quo ea et aperiam qui. Fugiat adipisci sed inventore est sit. Et est qui voluptas. Occaecati non rerum voluptas qui dolor qui consectetur rem. Ipsum aut quas tempora ut. Doloremque mollitia porro amet libero. Ipsam unde pariatur cupiditate et. Ipsam reprehenderit sapiente odit maxime id. Cum reiciendis enim quia aliquam aut. Totam eum ut labore nostrum doloribus consectetur a. Omnis ipsa laudantium rerum. Consequuntur neque porro repellendus ipsum. Quaerat officia laboriosam est repellat vel officiis excepturi. Cum quisquam omnis autem consequatur. Vitae sint molestiae aperiam ut. Vitae dignissimos culpa eveniet est iure adipisci. Sit possimus ipsa quia qui ipsum. Ut ipsum quia et eligendi. Et repudiandae minima vel. Voluptatem aut et et ex maiores maxime consequatur laudantium. Voluptatibus quasi culpa nostrum dolor in. Repudiandae provident non sit nisi voluptas et laboriosam. Accusamus voluptatum quasi atque aut. Labore debitis laudantium vel enim amet ut. Nihil quisquam enim voluptas pariatur sint sed ducimus doloremque. Eius suscipit voluptas ducimus doloribus qui sapiente consequatur. Itaque repellat nostrum quod sed aliquid. Sed soluta labore ipsam amet. Consequatur provident similique reprehenderit nesciunt laborum et. Iure ea debitis et dolores sunt error. Esse vitae facilis voluptatem velit numquam consequatur fugiat. At placeat et et nihil accusantium. Placeat dolorem voluptas consequatur earum magnam. Occaecati dolore inventore quod aliquam vitae itaque aut. Repellendus impedit ut voluptatibus sunt. Aut mollitia molestiae officiis dolorem aut magnam sed. Magni optio officiis soluta provident autem velit eligendi. Natus at animi molestiae. Consequatur fugit ducimus provident veritatis omnis praesentium tempore. Error iure error et incidunt. Sint molestiae error provident cumque.','2',5,1,'2023-05-24 22:33:22','2023-05-24 22:33:22'),(39,'Consequatur aspernatur eveniet atque rerum illum.','consequatur-aspernatur-eveniet-atque-rerum-illum','Deserunt eaque vero aliquid. Et est fugiat incidunt iste beatae. Est et qui eaque corrupti eum. Quo libero repudiandae quo ad ut. Odio et est odit aut dolorem. Neque voluptatem fuga inventore nulla dolor quia vel officiis.','Est consequatur aut consequatur velit minima mollitia. Voluptate sint qui veritatis vel quisquam voluptatem at. Eum voluptatibus inventore modi. Quidem est est eveniet et. Et nisi quo dolor expedita voluptas. Dicta ullam et vel ad sint. Possimus possimus tempore non tempora et. Totam omnis quo tenetur laborum ut laudantium velit. Totam reprehenderit culpa eius eius dolore. Et nostrum dolorem exercitationem distinctio eaque hic saepe. Velit expedita neque alias numquam molestias. In amet pariatur qui aut enim in iste. Dolorem sed minus neque id. Nulla itaque sint sunt voluptas esse atque. Ipsam et at ducimus officia. Ut necessitatibus reiciendis similique officia molestias id recusandae. Quaerat sapiente necessitatibus enim illum sed molestiae officia. Tempore nesciunt perspiciatis expedita soluta. Vel magni eaque sed. Sit harum natus minima numquam facere inventore aut. Iure quasi sit facilis sint vero eius. Rerum ipsam commodi dolore at dolorem aliquid aut magni. Tempora commodi vel aut voluptate itaque. Quod vel esse et quis quaerat consequatur. Expedita omnis architecto laboriosam illo nemo quidem accusantium rerum. Et et atque aut ex error vero dolore. Ullam sit ratione reprehenderit suscipit ducimus debitis. Omnis nostrum deleniti et. Vitae vel ad aut voluptates libero nam distinctio fugiat. Quia id quo iusto qui ipsa. Ex nostrum sed ullam officiis. Et aliquam est consequatur sed qui hic. Sed corporis deserunt quam inventore vitae. Facilis aliquam temporibus quae culpa qui. Assumenda libero quo aut quo. Nisi debitis inventore qui. Iste dolores blanditiis dolorem aut. Aut incidunt est ut soluta dolor ipsam. Minus vero molestiae voluptatibus adipisci quia. Ea aliquam voluptatem quae est distinctio ut. Eos eveniet sint nisi laudantium. Voluptatibus unde iusto labore quo voluptas. Maxime vel aut delectus voluptates dolor est occaecati.','2',1,1,'2023-05-24 22:33:22','2023-05-24 22:33:22'),(40,'Et explicabo et aut iusto.','et-explicabo-et-aut-iusto','Rerum voluptatem eaque eveniet ipsum in. Dolor sequi autem doloribus sit. Est harum quos natus et. Inventore necessitatibus ut odio blanditiis.','Non minus aut est. Autem est et sunt dolorum. Illo commodi atque eligendi iure doloribus qui vitae. Molestiae non in ratione. Pariatur minima ipsum sed. Rerum reiciendis voluptas culpa qui. Quam id ut perferendis qui sunt excepturi veritatis facilis. Accusantium et repellat iusto aperiam et. Quia eaque ipsum vel nostrum inventore voluptatem qui veritatis. Totam quis sit inventore. Adipisci tempora eius voluptatem aperiam esse aut illum. Consequatur ut earum dolor aut aliquid. Explicabo nisi quidem qui expedita esse. Nostrum explicabo sint a. Culpa ullam eius laboriosam consequuntur. Consequatur provident ratione ut soluta. Odio repudiandae cum magnam. Sed omnis quidem ad et quis. Sunt reiciendis sit et ut praesentium optio et. Qui quaerat ea debitis velit. Similique aut ipsam autem sit ut. Recusandae architecto laudantium perferendis repellendus eum qui. Praesentium quia recusandae omnis velit. Harum doloremque iusto consequuntur ipsam laborum. Soluta aliquam ad qui at. Totam tempora quia et quibusdam voluptatem id. Dicta commodi est asperiores harum minima ratione facilis. Sapiente est et voluptatem aut velit. Reprehenderit sint a officia eum non accusantium excepturi. Quo ea dolor dolorum nulla molestias. Saepe repudiandae sapiente molestiae non a error corporis repellat. Asperiores minus animi accusamus eius. Rerum porro sint et quis iure quas quidem. Quia et ipsam sed sequi necessitatibus eum molestias. Soluta ut est eum rerum aut sint. At doloribus vel doloribus repellat. Optio accusamus eum repellendus libero. Occaecati hic voluptatem minima rerum in. Omnis adipisci tempore omnis voluptatem ut. Velit ea officia alias debitis totam maiores pariatur. Fuga molestiae est quae quo odit. Nihil et excepturi voluptatibus dolores non. Voluptas consequatur labore et dolor occaecati minus. Magnam nobis corporis est ut qui aut. Non voluptatem tempore quasi eveniet natus.','1',4,2,'2023-05-24 22:33:22','2023-05-24 22:33:22'),(41,'Et omnis maiores doloribus repudiandae et.','et-omnis-maiores-doloribus-repudiandae-et','Rem ad minima cum nesciunt vel quod voluptatibus. Nulla consequatur dolorum maiores et eum quidem fugit. Sed impedit et harum.','Consequatur cupiditate provident repellendus expedita dolores facere et. Dolores sint similique voluptatem harum. Perspiciatis iste est sequi incidunt. Eum suscipit dolor officiis corrupti exercitationem expedita saepe nobis. Quo autem quas reiciendis vero quis minus. Iste eius odit laborum ex aliquid aliquam vel. Molestiae eos nihil repellat non vero asperiores nihil atque. Repudiandae aperiam sed quidem minus odio fugiat ducimus. Optio dolore inventore qui. Et sunt aliquam nulla at soluta molestiae minus. Illo ut et pariatur quia et porro explicabo. Et dolor deleniti ipsum saepe est est. Architecto omnis ad modi. Ut voluptate magni qui qui voluptate eum dolorum. Delectus in laborum quo nulla fugit distinctio adipisci. Aut molestiae cupiditate nemo excepturi quia aut quo tempore. Quod voluptatem omnis tenetur vel. Quas possimus velit iste eos non. Harum atque minus et suscipit iusto. Molestias dolores et laborum fugit velit debitis. Sint repudiandae saepe vero voluptatem qui. Et minima quo unde consequatur. Sed porro dolores modi totam quo non accusamus. Qui culpa et assumenda dolores. Id sit quis sint et exercitationem consequatur esse vitae. Vel dolor qui nobis modi nisi. Ipsa officia rerum et et quidem exercitationem ipsum. Animi dicta nihil atque ex hic. Ipsum aut quisquam autem ipsam. Sunt rerum soluta ea temporibus. Aut occaecati quo nihil modi mollitia quas assumenda. Molestiae in qui voluptatem. Sed enim a et rerum. Animi nesciunt reiciendis qui provident quasi omnis illum. Quis voluptatem magnam voluptatem nisi aliquid harum eum. Dolorum ea porro in beatae in eaque autem. Enim maiores nemo qui est qui ut et aut. Porro recusandae enim voluptas est. Distinctio voluptatibus numquam velit dolores. Praesentium et et qui incidunt recusandae fugiat sed. Sit ullam debitis consequatur quos deserunt. Qui qui aut laborum ea in doloribus ducimus. Molestiae quae quis vel in.','2',5,3,'2023-05-24 22:33:22','2023-05-24 22:33:22'),(42,'Sapiente qui eius placeat corporis iste et.','sapiente-qui-eius-placeat-corporis-iste-et','Qui non eos est id. Est dolorem molestiae voluptatem quo vitae. Blanditiis eum consequatur modi ut. Rerum molestias dolorem et expedita quidem. Reiciendis illum rerum perferendis sint. Quidem facilis debitis corporis.','Autem impedit deserunt vel similique. Ea a dolorem in est tempore laborum. Tenetur quos ut dolores id inventore aspernatur. Eum vero est et quod sunt iusto. Harum fugit hic a est blanditiis aut. Animi commodi ab iste omnis. A adipisci corrupti similique minus dolore non. Expedita ut sint architecto nemo non laboriosam suscipit. Voluptas provident eos nihil aut. Sint ullam sint et. Ut nobis aut soluta. Quis dolores laboriosam sint consequuntur explicabo explicabo. Qui id iure tempore ab velit sint est. Distinctio autem ut voluptas ut illo aut corrupti necessitatibus. Earum quasi eum unde delectus ullam ab nihil. Ut quasi sit dolore eaque consequuntur. Rem et et quia pariatur ut impedit in. Aut est dolores sapiente sint molestiae. Ad aut et ex facere est. Eaque voluptatem perspiciatis molestiae dolorum sunt quia. Repellendus eligendi id assumenda qui quis cupiditate ut. Eaque fugiat earum quia. Maiores quia accusantium vero aliquam sunt ut. Et nihil laudantium officia molestiae. Hic ea sint labore rerum doloremque repellat. Possimus odio velit minus deleniti exercitationem. Reiciendis laboriosam rem officia. Reiciendis recusandae voluptate facere quas eos ea. Officia nihil mollitia libero et facilis. Inventore totam incidunt non voluptatibus dolor aut rerum. Eaque aut iure et blanditiis. Sed magni minima officiis nam. Aut facere minus aut. Non perferendis et veniam et sint. Voluptates ullam recusandae eum occaecati magni blanditiis. Dolor laboriosam error aperiam dolores exercitationem dolorum et. Et nostrum cumque quam nostrum provident porro explicabo nam. Officia quae voluptatum maiores corrupti placeat porro. Dolores fugiat dolor beatae numquam in. Veniam voluptate reiciendis eaque ducimus et. Voluptatum et libero nulla omnis. Laboriosam deleniti vel ut repudiandae dolore dolorem temporibus. Quia accusantium voluptas possimus velit voluptate pariatur consectetur. Excepturi iure aut exercitationem culpa.','2',8,3,'2023-05-24 22:33:22','2023-05-24 22:33:22'),(43,'Eligendi aut ab aperiam sit nam est.','eligendi-aut-ab-aperiam-sit-nam-est','Temporibus magni at suscipit a autem voluptatem. Consectetur optio at sequi quia. Voluptas quis ut fugit blanditiis sed numquam. Nisi neque voluptatum quia maiores minima aut. Quo voluptatem ad ad et. Consequuntur hic alias qui et pariatur.','Amet consequatur quis cum adipisci quia ratione in. Quis vel fugit est placeat recusandae vero unde sint. Et ipsam adipisci autem aut nemo laudantium. Est nostrum assumenda sed earum. Qui architecto omnis illum quam id. Doloremque sunt accusamus optio voluptatum et itaque. Voluptatem laborum quibusdam numquam impedit animi soluta error. Iste placeat molestiae vero debitis repellat est. Cumque aliquam recusandae deserunt minima eveniet aut. Rerum et ad ut magni dolores modi quos ratione. Sit ut quidem et magnam et. Sit distinctio sed in quia esse maiores architecto atque. Aliquam eos consequatur sed itaque. Mollitia iste natus quia reprehenderit. Itaque dolorum sunt repellat maiores ducimus. Voluptatem unde voluptatem distinctio aliquam. Fuga et ratione esse eius non. Impedit numquam quas accusantium nulla. Tempore aut alias qui quaerat. Perspiciatis facere dicta id sit beatae repellendus. Ut dolores ab doloribus quasi ullam. Asperiores ut aut accusamus in dolor pariatur nihil. Aut vitae ratione sint debitis dolores quod repellendus. Eaque fuga esse accusantium omnis. Quo ut beatae architecto tempore nobis minima error. Qui voluptas asperiores aperiam provident sed ut. Laborum ipsum ut voluptas ut sint eum. Dolores eligendi non accusamus odit dolor magnam. Facilis facere porro alias numquam. Ut optio ipsum reprehenderit modi. Earum ut et vero et. Aut dolor doloremque autem laborum commodi adipisci non quisquam. Iste soluta labore repellendus nulla sunt. Autem nostrum unde ducimus doloremque et ab. Dolorem non accusamus est cupiditate. Rerum possimus cum et beatae aliquid. Pariatur animi consequatur et. Odio ut doloremque sapiente eum. Sapiente aut dolor sit odit. Placeat in enim minus beatae voluptate placeat. Numquam id ut eveniet reiciendis pariatur. Corrupti illo et veniam quo alias ut. Tempore accusamus minus vel. Sint veritatis iusto ducimus optio consectetur molestiae.','2',4,3,'2023-05-24 22:33:22','2023-05-24 22:33:22'),(44,'Unde architecto alias ea sed cumque voluptas laborum.','unde-architecto-alias-ea-sed-cumque-voluptas-laborum','Sed similique maiores tempore est. Architecto nobis sunt ut nihil est. Alias accusantium beatae ut dolorem ipsa. Voluptatem blanditiis laudantium qui ipsa et eius.','Necessitatibus eius et delectus a. Magnam adipisci ullam culpa accusamus quis labore aperiam. Suscipit vero temporibus atque cumque accusantium nulla corporis consectetur. Dignissimos magni consequatur error ut debitis fugiat tempora. Saepe iusto voluptate hic a aut aut vel. Vel neque cum labore eum magnam est aut in. Repudiandae repellendus quo saepe odio et. Atque adipisci dolor beatae tenetur enim. Iste error veritatis non aut incidunt ab. Vitae voluptatibus harum eos repellendus. Harum eos alias molestiae voluptatem odio molestiae pariatur. Dignissimos iure sit et quas non eius. Sint fugiat repudiandae exercitationem reprehenderit aut. Voluptas autem ducimus architecto id quisquam dolorem et earum. Velit debitis est beatae consequatur ipsam. Earum aliquid repellendus deserunt qui illum. Qui atque possimus nihil modi accusamus quisquam repellendus doloremque. Distinctio eius veniam cupiditate aspernatur nulla eaque. Sit temporibus ad voluptas et. Aut magni consequatur pariatur debitis libero ad. Sunt occaecati quod et dolores. Dolor est commodi fuga corporis iure. Et voluptas quibusdam facere doloribus et fugit nisi. Ipsa a vitae unde dolorem eveniet autem fugit atque. Autem nisi laboriosam et fuga quam. Unde quae voluptatum placeat doloremque. Facilis porro quidem iste iusto quae quis. Et ut voluptates non sit perspiciatis. Sunt sed impedit et. Aut dolor explicabo ea nobis. Quidem dolor quibusdam ut eveniet et. Aliquam est facere quo quod rerum sequi. Perferendis ducimus enim in necessitatibus quidem at. Harum omnis dolor ipsam officiis iste natus voluptatem ut. Qui enim mollitia praesentium culpa soluta architecto omnis blanditiis. Omnis iusto et omnis. Iusto voluptas voluptate expedita sint. Velit ducimus voluptate et rerum et eos qui. Et inventore non excepturi sed aut. Expedita sapiente sint ducimus quod error voluptas ullam. Non est dolorem esse dicta. Laboriosam et et dolor nulla occaecati aut numquam.','2',3,2,'2023-05-24 22:33:22','2023-05-24 22:33:22'),(45,'Et aut dolorem perferendis rerum omnis.','et-aut-dolorem-perferendis-rerum-omnis','Et magni qui ut molestiae. Dolor qui eaque molestiae doloribus aut. Dolorem maxime fuga est sit. Ut consequatur est quis architecto.','Assumenda qui aliquid nihil eius aut. Et id perspiciatis temporibus et nihil placeat. A nihil sunt provident saepe omnis. Id expedita repellat sed blanditiis. Eveniet fuga consequatur odio aut dolore. Commodi excepturi doloremque tempore maiores voluptas voluptas omnis. Dolor quia id id porro. Minima corrupti autem eius deserunt in placeat ut. Blanditiis perspiciatis reiciendis numquam provident aperiam. Quo nemo omnis saepe tempora debitis. Cupiditate cum consequatur molestias delectus ea optio exercitationem porro. Recusandae tempora harum iure et. Quibusdam voluptatem provident impedit aut veritatis. Distinctio et iure et voluptatum nisi. Ab perspiciatis omnis quasi iste maiores ex modi. Repudiandae incidunt dolores a sapiente ipsum voluptas est nulla. Et distinctio sunt aut debitis sit. Cum a expedita natus in pariatur quae. Excepturi laboriosam quisquam occaecati qui. Sed asperiores rerum sed minima qui assumenda at. Maiores iste unde aut natus vel rerum. Fuga excepturi cupiditate dolor eum. Est illum velit quis est possimus ea. Non et non vitae cumque laudantium. Tempore labore in quia assumenda optio quisquam similique facere. Laudantium est vero quaerat ad aut. Reiciendis consectetur facilis qui nulla quaerat nulla. Sit qui eligendi ex. Ipsam labore ipsum quibusdam ratione repellendus explicabo. Tempore impedit et exercitationem consequuntur voluptatem expedita dolorum. Enim id ipsa praesentium facilis. Et ipsa vel cumque. Amet dolore officiis quia quas fugiat. Et sunt numquam magnam eos libero. Rerum at cum repudiandae recusandae quia. Laborum recusandae expedita rerum rerum. Tempora dicta nihil velit est quasi ratione qui enim. Voluptatem commodi vel ut mollitia. Eos rerum qui eveniet officia ut aperiam fugiat quas. Blanditiis eaque doloremque sit et et incidunt atque molestiae. Ratione est suscipit quis hic doloremque excepturi fuga. Quidem autem repellendus voluptas eum est repellendus perspiciatis. Ut sequi voluptatibus veniam libero earum.','1',8,3,'2023-05-24 22:33:22','2023-05-24 22:33:22'),(46,'Quasi voluptatem sit quae.','quasi-voluptatem-sit-quae','Omnis est vitae sit nisi nobis. Et ut consequatur quis veniam earum occaecati placeat. Et ducimus impedit deleniti ducimus qui nisi.','Error est porro cum nulla est quia. In reprehenderit placeat quidem iusto tempore voluptate vel. Consequatur sed veniam temporibus similique ullam esse. Et laboriosam nam optio mollitia dolorem. Eum rem a non adipisci sit nesciunt. Quisquam fuga est repudiandae repudiandae corrupti unde aut. Quidem porro pariatur ea qui illo aut. Earum non accusantium sint commodi et. Omnis eos eligendi explicabo vero eos suscipit amet quia. Est ut id quisquam laboriosam. Odio nihil esse voluptatem eos. Quia dolore eligendi doloremque distinctio quae dolor. Mollitia consequatur minus natus similique saepe doloremque ipsam. Adipisci itaque dignissimos et culpa autem. Voluptas maiores quos dignissimos reiciendis incidunt. Voluptatem vel architecto consequatur est. Quisquam quam unde qui dolorem ad voluptatibus. Quia nostrum unde voluptatem impedit rerum. Voluptas et enim temporibus possimus aut. Aperiam dolor omnis et voluptas eveniet ut deserunt. Numquam atque voluptatibus earum. Quia voluptate inventore et minima iste. Commodi occaecati atque labore sunt aut voluptates quod. Numquam explicabo sint fugit ipsam in nihil. Neque aut non quia minus et. Omnis voluptatem sint consequatur fugit. In aliquam sunt ea aliquid iste excepturi. Consequatur qui consequatur quia et est atque. Corrupti nam tempore eos vero rerum inventore blanditiis. Expedita explicabo exercitationem labore sint aut voluptas. Hic enim consequatur ratione dolor commodi assumenda et. Voluptates corporis vero sit est laborum eos voluptas. Quod suscipit qui saepe ratione aliquam quas. Harum quis fugit doloribus autem veritatis unde. Aut itaque neque quia fugiat libero quod. Quis et officia fugit quis et. In temporibus soluta ea aut autem esse. Labore nesciunt autem sit et. Reiciendis dolor iure nemo aliquid. Voluptas cum maxime dolorem. Voluptas rerum neque est et eaque. Rerum corrupti odit ut nisi pariatur.','1',10,4,'2023-05-24 22:33:22','2023-05-24 22:33:22'),(47,'Consequatur vero voluptatem expedita enim.','consequatur-vero-voluptatem-expedita-enim','Cupiditate quibusdam est numquam atque ipsa ipsa aut quod. Architecto laborum corrupti sunt est nihil sed. Aliquam molestias provident consequatur provident perspiciatis.','Quae ea voluptatem cupiditate maxime eum blanditiis. Facilis soluta et in aut assumenda ipsum. Alias aut qui non et assumenda placeat. Totam quo autem tempore id hic. Quis maiores accusantium similique veniam. Excepturi temporibus in pariatur maxime veritatis. Perspiciatis est voluptatem autem quia totam cupiditate. Perferendis molestiae id quia. Quisquam et maxime eos. Aliquam animi iste fugit minima quia accusamus ipsum. Nemo architecto illum quis excepturi in. Facilis expedita quia corrupti laboriosam. Esse voluptatem esse consequatur molestiae non et ipsa. Et quia reiciendis totam commodi eos animi vitae. Et mollitia assumenda aut quae. Ut quod sint cumque repudiandae. Qui maxime eveniet eos consequatur cupiditate quidem cupiditate eos. Quidem alias sed ipsum. Vel consequatur cumque autem iste dolores alias. Corrupti esse amet sit blanditiis quis ut. Quis et nostrum recusandae ratione saepe delectus sed ut. Adipisci aut quam et libero sed ea unde. Quasi quia harum sit in praesentium sit. Minus facere ut ab perferendis velit ut ut. Iste cum ut quibusdam nihil. Nostrum rem sit ducimus hic voluptatem eum maiores. Impedit enim earum aliquid dolores optio fugiat ratione. Fugit fuga consequatur excepturi quia illo. Magnam quia nemo voluptatem et consequuntur recusandae. Dolorum tenetur consectetur cumque iure voluptas cumque eos omnis. Molestias dicta id quia totam iste est. Et fugit quasi quibusdam sed perspiciatis et. Omnis eius cumque eaque consequatur nobis est nihil alias. Consequatur aut cum omnis et nesciunt id sed totam. Quis aut voluptatem quam nulla doloribus aut. Optio aliquam deleniti molestiae ex. Ratione magnam et voluptates veritatis hic. Perferendis sit quis porro optio. Voluptatem fugit sed quidem assumenda. Recusandae enim harum occaecati suscipit quae placeat. Ad soluta repellat impedit est voluptatem cum.','2',7,3,'2023-05-24 22:33:22','2023-05-24 22:33:22'),(48,'Aperiam repudiandae consequatur minus atque dolorem sequi amet.','aperiam-repudiandae-consequatur-minus-atque-dolorem-sequi-amet','Laboriosam repudiandae facere voluptate ex est omnis. Error vel iure odio ipsum impedit. Cumque cumque quidem libero repellat aperiam odio. Necessitatibus aspernatur et asperiores.','Ut qui aut accusamus ratione. Aut rem debitis omnis. Sit consequatur fugit corrupti reprehenderit. Animi magnam sed placeat voluptatem occaecati voluptatibus illo labore. Animi aspernatur debitis reiciendis modi rerum reprehenderit. Delectus adipisci voluptatem quis aut. Expedita recusandae ullam voluptates atque laboriosam illo. Omnis molestiae officiis sed qui odit officia aspernatur. Et et illum sequi porro. Provident et sed et dolorum voluptatem. Facilis consequatur repellat necessitatibus error distinctio tempora qui. Velit eos qui quasi aut aliquam non voluptatem. Est ut recusandae id error vel. Aliquid beatae voluptatem neque voluptatem. A ipsam voluptate quidem autem fugiat vero. Saepe dolor sed rem minima consequatur perspiciatis numquam. Voluptas sed aut minus quisquam ex excepturi assumenda. Harum non hic officiis iusto fugiat omnis. Nisi qui quis est. Totam et est et aperiam. Unde illo nisi unde dolor doloremque ipsa sit. Maiores ut sit quam quae ea. Voluptas voluptatum tenetur modi molestias qui magnam. Libero qui iste officiis officiis sunt eos eum et. Accusantium cum temporibus asperiores provident incidunt voluptatem deleniti. Ut voluptates eaque quisquam adipisci fugit id accusamus. Deserunt ipsa a eum. Sed sint quos quia adipisci et. Dolores adipisci illo in cum. Eligendi ut non dolor qui ipsa quos consequatur perferendis. Officia cupiditate et et voluptatem ex. Expedita minus veritatis aut expedita. Maxime quidem explicabo occaecati nulla similique ut nostrum. Autem voluptas dolore vero iusto aut et. Ad ipsam amet quidem enim maiores fugit incidunt. Consequatur vero placeat doloremque molestiae reprehenderit provident beatae. Quia delectus ab corporis pariatur voluptates. A vel nihil officiis quis voluptatem nemo similique. Similique ut totam expedita nam architecto. Sed blanditiis dolore pariatur incidunt. Temporibus minus qui fugit fugiat totam voluptas illum illum.','2',10,1,'2023-05-24 22:33:22','2023-05-24 22:33:22'),(49,'Quos tenetur autem sed et et.','quos-tenetur-autem-sed-et-et','Maxime sint at amet iure molestias. Natus voluptas saepe ut deleniti libero quos nisi. Eos dolor sunt vel labore est consequatur. Quia quia quis repellat voluptatem.','Tempora reprehenderit voluptas tenetur eaque sunt. Et aut aut molestias magni ratione repellat asperiores. Saepe illum qui est vitae quidem pariatur qui totam. Blanditiis quia enim maxime non aut voluptate eos. Illo quia sed fugiat voluptates corrupti accusamus ea in. Doloribus velit nobis dolor quos. Accusamus et et doloribus quia quaerat molestias consequatur. Vitae ab reiciendis totam sit. Reiciendis eveniet voluptas facere enim id dolore. Libero unde rerum culpa. Magnam qui perferendis ea. Esse at voluptas voluptas unde. Eum est aut voluptatem excepturi modi. Excepturi mollitia dolore et quia alias. Non error consequatur molestiae vel ipsam quidem. Cupiditate laboriosam explicabo quia veritatis tempore quod. Et placeat est optio libero cumque eligendi id. Hic voluptatibus est nihil ad laborum. Et pariatur minima aliquam facilis voluptatem aut quod. Autem velit repudiandae quam aut. Consequuntur deleniti et et sit cum voluptas dolorum. Corporis aut eos sint quia a quia dicta. Perspiciatis maxime voluptatem temporibus optio eius quia culpa molestiae. Id a perferendis expedita neque in excepturi. Nemo quis laboriosam ad id est. Itaque necessitatibus necessitatibus cum. Consequatur et architecto sequi delectus ullam maxime. Praesentium saepe esse aut tempora esse autem omnis. Illum quo corporis ipsam exercitationem minima adipisci voluptatem. Atque et nihil illum corrupti qui. Est atque assumenda praesentium adipisci molestias. Quia et blanditiis occaecati sapiente incidunt deserunt. Fuga quis quidem sint voluptas. Esse ut repudiandae occaecati beatae magnam. Atque qui tempora aut sed aut soluta optio. Similique labore ducimus velit accusantium. Provident corrupti quisquam praesentium. Sunt non nobis nihil dolores. Rerum qui mollitia laudantium dolor cupiditate sit. Quis est explicabo rerum perspiciatis id tempora quis et. Eos illum non autem nulla voluptatibus doloremque eaque ea. Ipsam quos officiis ullam voluptate.','1',2,1,'2023-05-24 22:33:22','2023-05-24 22:33:22'),(50,'Placeat atque enim natus laboriosam consequatur.','placeat-atque-enim-natus-laboriosam-consequatur','Fuga tempora id facilis. Eius in modi magnam illum ducimus fugit. Odio eaque similique nisi suscipit sed nobis. Impedit rerum qui aut nisi quae hic ipsa. Et et velit qui distinctio. Hic aperiam autem et.','Deleniti assumenda vero deserunt corrupti. Et sit modi doloremque dignissimos. Est ab repellendus ad. Tempora consequatur soluta dolores magnam aperiam esse exercitationem. Odit dolor qui dolor ut. Eius expedita id eos. Inventore sit fuga placeat est. Reiciendis quis omnis et iure quia ab. Sapiente qui sed maxime eos. Ipsum corrupti dicta sed aut. Quo rerum nulla similique quae qui ad. Architecto voluptates voluptatem quis dolorem expedita aut. Maiores sapiente dolor vero eum dignissimos. Non aliquid sit possimus impedit nam earum temporibus ut. Provident dolorum voluptatibus officiis veritatis inventore minima qui. Minus perferendis accusantium qui magnam. Temporibus enim incidunt est rerum quaerat modi expedita sed. Hic quia aliquid quo a. Sed impedit occaecati ut provident ipsum molestiae ipsum. Fuga suscipit rem iusto nemo officia molestiae. Voluptatem tempore molestiae molestias adipisci eligendi. Commodi maiores id vitae corporis. Est sequi doloribus consequatur consectetur rerum deserunt. Sunt illum unde asperiores hic odio assumenda incidunt. Deleniti praesentium nihil in fuga. Qui eaque id assumenda est ut. Id voluptatem culpa dolorem facere occaecati architecto. Repellat consequatur dolores assumenda velit rem. Laborum unde voluptas est rerum dolores tenetur. Pariatur ea sunt placeat et qui. Saepe dolorum cupiditate consequatur excepturi consequuntur est. Omnis ratione aperiam sint iusto nam et similique. Quisquam cupiditate deleniti odit placeat esse quaerat et rerum. Ipsam ut aut adipisci. Cum exercitationem enim exercitationem expedita nisi. Repellat rerum repellat qui assumenda necessitatibus ducimus. Pariatur corrupti iste excepturi quia rerum. Culpa vel debitis et recusandae ut. Neque repellat et accusamus aspernatur. Qui cum tempore repellat aliquid ut quis nulla. Porro sequi exercitationem odit error. Ut harum quidem possimus qui quisquam fugit. Velit aut quis sapiente.','2',6,4,'2023-05-24 22:33:22','2023-05-24 22:33:22'),(51,'Molestiae officiis rerum maiores minima iusto est culpa.','molestiae-officiis-rerum-maiores-minima-iusto-est-culpa','Delectus tenetur natus praesentium reiciendis. Et qui occaecati aut vel maiores porro quos. Nisi hic dolorem id harum. Rerum dolores nam dolore quis error dolores.','Nam quis accusantium voluptatem. Rem laudantium voluptatem labore quae accusantium est. Sed et dolores aut minus maiores. Rerum placeat eius aliquam dignissimos magnam beatae expedita dolores. Tempore aspernatur quo enim et odio deleniti. Enim cumque omnis voluptatum quae aut. Labore ut ut molestiae facere est. Blanditiis nam aut quia aut. Ut et aliquid occaecati nihil architecto aut. Quisquam est doloremque qui. In doloribus dolorem eaque ipsam quisquam aperiam aut. Ipsum quis qui ipsam. A et est assumenda officia magnam ut. Animi qui harum animi ipsum dolore aut. Qui tenetur cupiditate quia. Iste nulla necessitatibus odio assumenda et voluptate. Sit ut ipsam cupiditate quos in. Laborum minima saepe consequatur officiis. Qui fugiat eius ipsa odio. Aut omnis consequatur et. Et sint laboriosam dicta. Ut et sunt quisquam quae excepturi. Quasi qui est voluptate exercitationem. Saepe quae deserunt delectus. Ratione ducimus qui et ipsa aut possimus consequatur. Modi ut labore quas ut. Culpa est deleniti natus voluptatem voluptatem. Ex velit minus ut sunt accusantium. Quia qui ab in aut reiciendis quis ad deleniti. Illum deserunt et vel odio. Ipsum in hic et necessitatibus velit. Aspernatur voluptatem non in impedit iusto. Voluptatem et quis et eaque vel. Rerum alias ut ducimus non iure consequuntur expedita. Odit assumenda minima quaerat omnis. Nihil exercitationem quos quibusdam. Molestiae doloribus sunt dolores voluptatum dolores quo. Non similique repellat omnis commodi et aut nihil. Quam nostrum quis voluptatem. Nisi dicta deleniti recusandae occaecati recusandae. Sint qui ea molestiae ut officiis error. Facilis esse molestiae est laborum. Amet voluptas ab molestiae quam a tempore. Aliquam est et sint dolores animi necessitatibus. Autem qui fugit repellendus et quasi ut. Consequuntur et eos et velit et vel. Fuga reiciendis expedita omnis repellat quia debitis sed. Corporis odio distinctio possimus incidunt.','2',5,4,'2023-05-24 22:33:22','2023-05-24 22:33:22'),(52,'Ducimus maiores et inventore ipsa accusamus ad autem.','ducimus-maiores-et-inventore-ipsa-accusamus-ad-autem','Dignissimos ipsum hic qui dolorem tempora. Rem aut non quod distinctio rerum velit ut quia. Odio sunt vitae minus voluptas atque nihil nobis est. Accusamus omnis doloremque facilis voluptatibus et. Quia quis in officiis voluptatem quam.','Assumenda consequatur fugit odio est non vel. Fugit tempora dolore eligendi voluptas sunt. Enim quaerat ea at libero ex mollitia cupiditate sunt. Nemo ut officia deleniti sint veritatis corrupti. Aliquam rem totam totam dolorum ducimus non porro. Nostrum qui sint quidem expedita occaecati sunt. Quo perspiciatis incidunt non libero minus voluptatem. Aut expedita aut consequatur non magnam. Et consequuntur dolores quasi occaecati amet harum. Consequatur provident molestias harum quis vero. Beatae et odio voluptatem necessitatibus. Fugiat fugiat fuga quis perferendis porro autem nisi. In impedit ut odio. Non corporis repudiandae quis dolorem dolor aperiam. Dignissimos autem necessitatibus animi nostrum repellendus. Incidunt delectus accusantium vero in. Animi fugit similique sint tempore non inventore expedita. Sunt quia qui aperiam quia velit sapiente quibusdam. Quia quisquam minus voluptatem ipsum minus et unde. Libero amet rerum accusamus quas accusantium in fugit. Debitis alias itaque sint. Deserunt non eius ut est ab at quo. Mollitia iusto sunt assumenda qui veritatis non cum. Et et ut dicta est. Qui harum sunt voluptatibus ullam facere velit et. Provident ad id accusantium ex nulla sed numquam. Nihil est ea a quis officia voluptatibus. Aut et veritatis accusamus. Voluptate illum amet est rem. Corrupti dolores corporis ad. Unde et vero molestias aliquam quis non molestias. Porro dolor mollitia commodi quia excepturi. Eligendi rerum dolor aspernatur mollitia. Ut odit sed natus voluptatum libero ab. Quis in eveniet atque aut. Veniam eum aut sed corporis. Libero aut ut quo dolores consequatur ut dolore. Qui nam fugit culpa. Consequatur alias et rem nam dolor fuga. Ut natus alias expedita in cumque sunt perferendis. Nisi corrupti in culpa voluptatem itaque voluptas id ut. Ut nulla velit sit. Occaecati consequatur labore alias minus ut et.','2',9,1,'2023-05-24 22:33:22','2023-05-24 22:33:22'),(53,'Dolores quas sunt tempora.','dolores-quas-sunt-tempora','Est mollitia reprehenderit sed repellat. Non a ea molestias odio quis officiis vitae sed. Dicta delectus quo voluptas eligendi ipsum in tempore incidunt.','Eum aspernatur quia saepe sapiente ut blanditiis alias. Eos incidunt et odio nisi vero. Repudiandae ea voluptas quis fugiat tenetur occaecati molestias. Quas totam veniam magni. Voluptatem necessitatibus velit nihil rerum. Aliquam quis est quo ipsa voluptatem. Occaecati corrupti ratione architecto optio accusantium. Consequatur vitae quos velit et velit ut voluptate voluptatem. Voluptatem sint animi quam. Quibusdam id qui laborum aliquam ab. Fugit in at esse ut voluptatem dicta. Odio qui laudantium iusto dolor neque. Quaerat officia odit ut. Expedita ea aut deserunt consequuntur dolorum voluptates aut. Non officiis deleniti consequatur odit laboriosam. Praesentium dolore sequi aut impedit et numquam qui. Rerum dolor accusantium consequatur explicabo explicabo consequatur ullam. Quasi quo sunt qui rerum ipsam itaque optio. Praesentium illum iusto dolorem. Assumenda voluptatem non eos sunt sed nulla. Quas aut rerum vel enim. Cupiditate commodi veniam et sapiente ut. Dolorum sit minima tempora ut voluptatem aut. Animi quis ut laboriosam ducimus. Incidunt voluptate doloribus dolores harum aperiam dolorem. Perferendis voluptates voluptatem ut blanditiis et corporis. Itaque praesentium ut assumenda adipisci. Est harum qui ut quisquam impedit id. Sed et earum aspernatur quia nihil. Nihil sed et veniam sed quos fuga ipsum. Vel voluptas repellendus ratione rerum dicta dolorum eos excepturi. Incidunt qui laborum voluptates qui enim. Neque facere autem amet consectetur. Maxime qui sit ut earum quaerat itaque. Ipsam itaque quaerat qui consectetur ut. Ipsam deserunt ut quia. Rerum accusamus enim soluta sunt qui. Nihil cupiditate porro eveniet magnam possimus est rerum. Expedita numquam vel et esse qui libero mollitia. Id ipsam eveniet totam assumenda molestiae. Voluptate ipsa temporibus voluptate provident qui fugit. Sit sunt earum facilis numquam. Doloribus illum nemo molestiae et animi.','2',11,1,'2023-05-24 22:33:22','2023-05-24 22:33:22'),(54,'Corporis repellat at fugit qui placeat molestiae.','corporis-repellat-at-fugit-qui-placeat-molestiae','Quo impedit sit quas quo. Nemo molestiae similique libero sed voluptatibus. Qui asperiores et facere eos possimus sed. Dolor fugiat laborum aut. Rerum sed quod corporis.','Voluptatem assumenda veritatis autem suscipit est unde quos. Rerum adipisci ipsum aliquid explicabo. Ea quia repellat omnis officia qui in ducimus. Perspiciatis ducimus sed debitis sint. Eius beatae veritatis perspiciatis et sequi facilis. Ut est incidunt dolores. Nisi dolorem est ad qui. Quia et odit maiores hic delectus enim eligendi minima. Corrupti modi quae hic numquam voluptates omnis non. Minima quia nesciunt reprehenderit sequi eligendi architecto. Expedita atque rem voluptas ea nisi occaecati sunt. Est quo doloribus voluptas omnis. Ea similique consequatur unde. Eaque et quia suscipit dolores asperiores perferendis quas et. Repellat quis non eum. Dolorem nostrum dolor in nobis eaque officia. A blanditiis eos nesciunt hic. Eligendi distinctio vel placeat sed. At inventore quisquam tempore harum deserunt itaque. Enim distinctio similique ut ut. Ipsum doloribus est itaque eos alias ratione. Consectetur ut rerum omnis dolores mollitia. Eum velit eum nesciunt ut ut magnam. Vero voluptatibus quia voluptate possimus sit et. Dolor veritatis beatae in. Recusandae est quam officiis. Quia quia eius autem. Assumenda eveniet ut rem. Ratione ut et sunt ut. Velit repellat cupiditate omnis odio molestias quis. Est mollitia numquam voluptatem mollitia vitae impedit repellendus. Voluptatem aut reiciendis esse rerum et. Repellat blanditiis quo voluptas molestiae ut quo error. Ea ut id consectetur qui. Aut sunt dolor placeat facere iste. Et modi dignissimos est dolor non nihil aut quis. Vitae dolores exercitationem aut voluptas voluptate quia aut architecto. Commodi earum quia sed recusandae ab impedit. Accusamus vel voluptatum ab amet fugiat deserunt perspiciatis. Sit qui inventore autem voluptatem facilis enim placeat et. A vitae sapiente tenetur voluptatem maxime. Provident voluptas est quo doloribus doloribus sed nobis cumque. Accusantium voluptatem fugit earum dolor perferendis labore temporibus. Nisi modi non ut ex earum animi et.','2',2,1,'2023-05-24 22:33:22','2023-05-24 22:33:22'),(55,'Autem dolorem quia earum est molestias molestias repudiandae aperiam.','autem-dolorem-quia-earum-est-molestias-molestias-repudiandae-aperiam','Placeat amet dolores possimus quae asperiores sit. Repudiandae qui non aspernatur explicabo. Eveniet veniam aut dolorum facilis id aperiam ex. Quas voluptatum deserunt sunt nemo.','Autem saepe inventore excepturi doloremque molestiae qui qui et. Ipsam nobis ea odio cupiditate nesciunt. Quisquam iste eos ex ut aperiam consequatur. Officia quis voluptas saepe nulla eaque ut. Voluptatum maxime neque nesciunt quae atque minus esse. Soluta accusamus non debitis voluptatem. Hic minima minima ipsam. Alias dignissimos alias dolores doloribus qui dignissimos impedit. Dolorem omnis omnis ut quo autem. Architecto quod repudiandae architecto reprehenderit illo eum eius. Magnam eius a asperiores ex eos at cupiditate. Est sit laudantium incidunt magnam ipsa. Molestiae sunt eos sint qui. Consequuntur et unde dolor id et amet sint. Excepturi nulla et iure reiciendis. Deserunt quo earum porro itaque numquam. Eos mollitia nostrum maxime molestiae sint enim aliquam. Similique vel voluptatum est tempora est quidem sunt. Maxime vel perspiciatis enim quibusdam est non. Blanditiis in ut earum. Ut aut ea dolor quos modi laudantium asperiores nostrum. Vitae quia sunt consectetur quae dignissimos. Ut qui laudantium quam modi. Dolorem voluptas et quo ea. Qui officia occaecati provident expedita sunt aut officiis consequuntur. Eos dicta quo corrupti veniam placeat. Dicta consequatur modi voluptatum dicta voluptates tempore. Velit vel quam et accusamus quam. Tempore non veritatis quia enim consequatur. Dicta fuga labore consequatur similique nihil explicabo voluptatem. Soluta in nostrum eos id. Inventore magni rerum sit soluta provident. Rerum molestias aut ratione vel a animi eum. Maiores non maxime eligendi quo voluptatem rem. Sunt et dignissimos et sed optio. Est qui ut fugiat enim. Voluptate error reprehenderit dolorem in recusandae. Architecto autem expedita cumque suscipit sapiente cum expedita. Qui nesciunt quia itaque culpa tempore nam corporis. Hic voluptate quia odio. Ea quia omnis beatae corrupti at debitis dignissimos. Reiciendis repellat illum dolorem veritatis sint. Unde ad non omnis mollitia doloribus.','2',6,4,'2023-05-24 22:33:22','2023-05-24 22:33:22'),(56,'Ex eaque laboriosam sapiente ducimus aut cupiditate iste et.','ex-eaque-laboriosam-sapiente-ducimus-aut-cupiditate-iste-et','Quas sunt sit ad et laudantium culpa dolore. Eos corrupti quaerat accusantium dolore. Ea ducimus modi voluptatibus libero. Autem quos error sit magni et doloribus quibusdam.','Repellendus tempora maxime rem rerum culpa nesciunt consequuntur. Ab aut quos placeat vitae sed. Quis corporis asperiores veniam nesciunt sunt aut. Id perspiciatis magni commodi eum. Nulla repellendus ex corrupti illum. Nam ut rerum excepturi non. Est autem doloribus qui ullam voluptates autem unde. Reprehenderit minima ad voluptas. Culpa non rerum sed sit. At corporis tenetur aut cupiditate eum sint quisquam deserunt. Quidem saepe neque sint sit dolore blanditiis natus. Expedita sed animi nesciunt distinctio blanditiis. Nam consectetur sequi saepe ut reprehenderit itaque asperiores. Quisquam laudantium et assumenda voluptatem ut molestiae. Cumque voluptas magni tempore fuga ut. Id corrupti eos expedita enim omnis. Doloribus quisquam modi maiores quam. Sit et reiciendis animi iste. Alias blanditiis vero atque similique et quos. Dolores cumque molestiae ut dolores laborum iusto. Et ut quam fuga voluptas praesentium ut consectetur. Magni quia atque consequatur dolore consequuntur porro illo. Aut qui sed magni. Asperiores reprehenderit ut tempore dicta minus. Sunt magnam ut non et sit non eius mollitia. Rerum consequatur ut accusantium aut beatae et. Qui officiis aut quod consequatur nobis temporibus eveniet rerum. Non autem id a et est omnis sed. Consequatur dolores aut nesciunt nobis vel numquam. Voluptatem aut est eum deleniti ut. Excepturi est deleniti aut mollitia asperiores. Incidunt omnis fuga qui omnis tempora. Dignissimos commodi ut cumque nihil veniam libero. Velit voluptatem soluta quia molestiae architecto. Eius fuga tenetur cupiditate sit. Quibusdam quis numquam unde et. Aut nesciunt voluptatem dolores. Minima omnis laboriosam qui modi. Voluptatem reiciendis rerum possimus non. Dolores voluptatum est velit sed. Error omnis atque fugit doloremque labore ut. Veniam id et eum quia. Alias corrupti velit laborum. Iusto voluptatem quos beatae aut cumque ea. Consequatur iure similique enim aut rerum. Temporibus harum natus modi consequatur.','1',8,3,'2023-05-24 22:33:22','2023-05-24 22:33:22'),(57,'Voluptate tempora quia placeat.','voluptate-tempora-quia-placeat','Id asperiores facere necessitatibus officiis. Possimus porro tempore unde ex provident suscipit. Sit commodi voluptatem voluptatibus mollitia.','Perspiciatis velit omnis neque quia. Dolores et sit voluptas et. Consequatur esse facere doloribus eos qui quo cupiditate rem. Vero necessitatibus natus reprehenderit amet. Reprehenderit dolor et laboriosam qui voluptatem reiciendis blanditiis. Pariatur facilis aut itaque assumenda id eum reiciendis. Doloribus earum error at nobis. Distinctio qui ratione ipsum ut. Et aperiam et et quia ad officia et. Qui recusandae quisquam commodi eveniet nulla quisquam id. Ratione velit consectetur sint ea dicta et quo. Nemo autem atque et id eveniet qui aspernatur ab. Reiciendis nisi consequatur tenetur autem aut similique veritatis. Aut sint voluptates distinctio quos deserunt. Maxime qui adipisci omnis ut nisi ipsam laudantium. Perferendis temporibus nam et laboriosam quibusdam vero id rerum. Ipsum ut enim quos modi sapiente ex. Est qui doloribus ex quidem reprehenderit. Vitae voluptatem qui sed eaque eveniet eum rerum. Ipsa libero beatae magni repellat earum. Id qui voluptatum distinctio voluptates dolores dolore et. Provident sequi deleniti totam quibusdam facere temporibus aspernatur. Pariatur perspiciatis vel placeat et sit dolor. Impedit ipsa quas ut velit aspernatur eaque. Est possimus doloremque saepe. Suscipit error unde laboriosam vitae dolorem. Dolores deserunt labore aperiam enim aut autem. Possimus atque omnis qui praesentium. Pariatur in ab quibusdam temporibus quo. Voluptatem rem explicabo ipsam alias at omnis. Consequatur qui sint rem laudantium qui occaecati nostrum. Quisquam rerum error unde maiores. Rerum modi sit dolores ut aliquid sit deserunt. Et a odio amet culpa harum. Distinctio aut sed fugiat ratione nam consequatur sequi. Ipsum natus voluptas consequatur consectetur qui enim laborum. Voluptatem eligendi nisi impedit ab dolorem. Aliquid doloremque impedit est sequi quo ipsa. Rerum hic ratione sequi. Excepturi aliquam dolorem praesentium ea rerum atque est quasi. Qui facere voluptatum dignissimos in hic.','1',1,4,'2023-05-24 22:33:22','2023-05-24 22:33:22'),(58,'Blanditiis quasi fuga totam ipsam ducimus voluptas aut voluptatem.','blanditiis-quasi-fuga-totam-ipsam-ducimus-voluptas-aut-voluptatem','Accusantium repudiandae quod iusto qui est est. Aliquid maxime veniam cumque dolores libero. Animi quasi corrupti quo voluptatem magni molestias id. Possimus repellendus repudiandae exercitationem in nobis.','Aperiam quia est voluptatem earum velit. Facilis labore eum pariatur rerum voluptas. Reprehenderit tenetur aut qui. Iusto voluptatem magnam quia qui ut. Dignissimos rerum est delectus harum et pariatur a. Similique qui ut voluptas et ab earum quam. Non rerum culpa pariatur magnam. Ut cumque iste maxime sit dignissimos et. Sit eum non aspernatur saepe dolorem at ad. Natus dicta nostrum dicta. Est illo sed tempore et eveniet est nostrum. Et alias perferendis ea quam eos hic quia illo. Consequatur et qui omnis blanditiis optio adipisci. Voluptatem iusto et recusandae similique hic et earum. Iure iusto ad et deleniti vero qui. Quas sit molestias unde numquam. Sapiente vitae et maiores nihil omnis enim molestias. In non neque et fuga quae et sunt. Sint quod atque est aut enim est. Consequuntur dolor itaque est distinctio. Perspiciatis eum est occaecati minus. Quas ullam impedit doloremque est fuga sit. Et earum qui qui recusandae perspiciatis. Ipsa modi est quam officia officia nam voluptate cumque. Ut quia aut natus suscipit quas sint. Enim impedit consequuntur sed non maxime repellendus. Deserunt fugiat cupiditate et enim quidem. Quo maiores qui iusto nam. Itaque beatae ut culpa aut nobis explicabo aperiam. Fugiat delectus voluptatum et recusandae. Iusto voluptates ea vel mollitia ducimus quisquam sit. Rerum voluptatem veritatis fuga omnis quibusdam quae. Similique rerum eum velit quo. Neque autem omnis aperiam quia veritatis. Sunt fugiat assumenda dolorum. Sapiente placeat aut quis nam aut. Sed accusantium sequi qui omnis animi quasi. Consequatur aut est totam omnis quia laboriosam ad. Quia ipsa autem aut beatae quaerat sit vel. Asperiores dicta et fugiat quia ab similique. Voluptatem dolores exercitationem praesentium magnam aut exercitationem labore. Provident et rem qui. Accusamus ipsam voluptas nihil rerum qui. Ab et mollitia quia voluptates doloribus. Est asperiores numquam fuga consequatur facilis.','1',11,1,'2023-05-24 22:33:22','2023-05-24 22:33:22'),(59,'Qui debitis vel quibusdam nostrum ipsa doloribus amet.','qui-debitis-vel-quibusdam-nostrum-ipsa-doloribus-amet','Consequatur aut nulla sed molestias. Dolor et aut laudantium et eum. Inventore possimus numquam incidunt rerum tempora totam officia. Repellendus earum sit porro voluptatibus est.','Pariatur voluptates repellendus sint et accusamus ipsum. Et expedita ea doloremque voluptatem quis. Ut voluptatem necessitatibus soluta modi. Qui repellat sint impedit iusto molestiae. Et minus non sequi incidunt voluptas. Excepturi explicabo qui debitis excepturi sit omnis. Nihil quo sunt eveniet accusamus delectus dolorem sint est. Voluptatum velit quidem nemo neque tempore. Modi qui quam praesentium rerum assumenda est ipsam. Enim est quia autem est reiciendis qui qui. Iure assumenda iure itaque beatae. Quo sit a doloribus sapiente ex magnam sequi. Saepe officiis voluptas rerum. Veniam dolor explicabo tempore quisquam facilis nulla dolore. Incidunt quia quam enim veniam consectetur vel nulla. Commodi voluptas voluptates in voluptatibus sint odit architecto. Rerum ab animi accusamus vitae. Enim et ipsum quae sapiente necessitatibus debitis quo. Dolorem necessitatibus accusamus reprehenderit iusto quos soluta. Ut eos nostrum quo ut ea. Dolor aut aperiam ea sed reiciendis praesentium. Quasi maxime placeat dolorum consectetur dolorem omnis non. Magni recusandae sit voluptatibus ea. Vel fugit molestiae nam. Consequatur ullam mollitia facilis minus quia exercitationem debitis laudantium. Dignissimos maiores id beatae atque iure. Soluta ea doloremque voluptates ipsam qui. Rerum impedit vitae sequi quisquam repudiandae assumenda soluta consequatur. Rerum tenetur explicabo hic natus. Nihil saepe incidunt rerum rerum dolores. Magni eos dolorem quaerat accusantium rerum architecto. Perferendis praesentium ratione reprehenderit repudiandae quis expedita architecto. Architecto consequuntur ut et voluptas fuga. Provident aliquid ipsa id molestiae qui nihil. Ut adipisci tempore eos. Ut pariatur quam voluptatem assumenda vitae ab. Voluptatem ea impedit ullam tempore non at nihil. Nesciunt ut et odit. Suscipit alias ut eos dicta voluptatum. Laudantium deleniti excepturi repellendus eligendi sit saepe et aspernatur. Eius ipsam sequi sed ut modi sit esse rerum.','1',2,4,'2023-05-24 22:33:22','2023-05-24 22:33:22'),(60,'Id dolores quis laborum velit consectetur molestiae earum optio.','id-dolores-quis-laborum-velit-consectetur-molestiae-earum-optio','Ratione debitis occaecati quo totam enim non. Dolor quia corporis reiciendis veritatis omnis labore in. Similique velit nostrum odit. Et nam dolores officiis et sint ut possimus culpa.','Enim adipisci voluptas ducimus et. Voluptatibus et doloremque alias laborum quia aut corporis. Quaerat excepturi ipsum ea quia omnis. Nisi doloribus magnam molestias exercitationem hic optio. Voluptatibus id dignissimos tenetur explicabo. Laudantium totam et alias necessitatibus repellat dolorum molestiae. Accusamus animi rem est est quia ipsum officia. Eaque quo autem ut distinctio suscipit et enim saepe. Explicabo repellendus itaque cum nihil dolor et aut. Quibusdam id beatae enim. Assumenda cum totam harum inventore officiis id nemo. Facere voluptas ducimus dignissimos dignissimos. Suscipit vel qui autem eius quasi. Dicta voluptatem voluptatem voluptas quos. Suscipit nulla aut nobis pariatur omnis sapiente enim. Quia in distinctio atque et aut a ullam repellat. Eaque aspernatur suscipit ad tenetur deleniti non. Doloribus alias laudantium accusantium iste. Esse impedit modi inventore voluptatem enim. Nesciunt alias dolor natus unde ipsam non. Ipsum ipsa placeat sequi quibusdam corporis reiciendis fugit. Quasi sapiente aspernatur porro voluptatem nisi expedita. Hic autem voluptates saepe vel id et sunt. Deleniti nostrum minima odit alias aperiam. Eaque dolorem laudantium quia recusandae. Nam possimus impedit reprehenderit laborum. Quia nihil rerum ut. Qui consequuntur ut voluptatibus odio possimus. Hic quisquam explicabo possimus perferendis incidunt. Sit delectus provident hic et repellendus et. Adipisci voluptatibus illum reprehenderit maiores est deleniti. Est quo voluptates quas aut. Dicta repellendus ducimus consequatur libero quia explicabo qui nihil. Laudantium nesciunt molestiae ipsum quisquam deserunt. Odit vitae voluptas laborum ipsam blanditiis. Soluta optio illum in quis deleniti ullam quibusdam. Aperiam beatae esse sapiente sint quae. Deleniti veritatis neque asperiores omnis ut delectus non sunt. Doloribus et est tempore suscipit.','1',1,1,'2023-05-24 22:33:22','2023-05-24 22:33:22'),(61,'Perferendis distinctio molestiae excepturi fugit sint explicabo neque.','perferendis-distinctio-molestiae-excepturi-fugit-sint-explicabo-neque','Molestias dolorem voluptatibus optio reiciendis est. Aperiam quas eum vel explicabo quas quia. Vel eligendi et et molestias. Consequatur ipsam culpa illo animi corrupti.','Enim nobis ullam commodi blanditiis nesciunt aperiam veritatis. Quis ullam quaerat molestias aut et quam corporis voluptatem. Voluptatum accusamus tempore qui. Earum veritatis eius suscipit ad. Fugit et quo et quo vel. Voluptatem veritatis eum veritatis labore id voluptas quidem adipisci. Culpa ea sint ipsum ipsum. Id et praesentium consequatur quam eligendi voluptatem. Quo autem laboriosam numquam sequi omnis culpa ea. Et aut et commodi tenetur vel voluptatem quia id. Et voluptate ab amet quis molestiae. Earum possimus ullam rerum eos similique aliquid magnam. Dolores eaque non esse voluptates culpa. Sed perferendis quia distinctio. Ad explicabo et non velit. Molestiae aut magni illum eius. Necessitatibus beatae doloribus sed assumenda adipisci corrupti amet. Nesciunt laborum cum ullam debitis aliquid necessitatibus. Ut explicabo aperiam qui qui eligendi. Aut est nostrum sed vel ratione. Autem minus et quis molestiae ut vero. Eos maxime ut et vel. At quis ut dolore tempora alias eius quibusdam ad. Aspernatur eum est quibusdam autem nulla expedita. Sunt sit praesentium quo ipsum a a. Qui placeat cumque blanditiis repellat beatae ut natus. Quidem sit reiciendis recusandae et et quis. Sit temporibus expedita maiores qui. Voluptates fugit nam ea exercitationem enim et ut. Optio sequi sed assumenda exercitationem. Aliquid iusto corrupti quo facilis omnis perspiciatis sed. Ipsam nam consequatur quibusdam placeat. Sit consequatur facere non velit labore explicabo. Laudantium enim error temporibus. Sed vel asperiores qui sint maiores perspiciatis quae. Aspernatur nemo aut fugiat soluta sed et tenetur nulla. Repellendus modi ipsam sed et maiores enim. Consequatur molestiae ullam eligendi beatae aut dignissimos. Et odio et eligendi voluptatum maxime quaerat. Incidunt est eos sit aspernatur laudantium dolores nemo. Exercitationem assumenda et doloremque quisquam in.','2',3,2,'2023-05-24 22:33:22','2023-05-24 22:33:22'),(62,'Qui vitae molestiae beatae est sequi optio voluptate dolorum.','qui-vitae-molestiae-beatae-est-sequi-optio-voluptate-dolorum','Fugit nisi ea est non perferendis harum. Et tempora tempore accusamus ad. Dolore optio distinctio rerum ipsa.','Facere totam asperiores libero et fuga inventore magnam doloremque. Incidunt vero ut laboriosam eum fuga. Qui illo eos qui. Officiis sunt aut voluptate quaerat accusantium reiciendis corrupti. Rerum qui quos molestiae minus suscipit quo. Recusandae ut ut consequatur itaque at voluptas ab. Deleniti sapiente voluptatem non. Ad et at culpa minus. Non quaerat et inventore est id quia delectus et. Dolore harum temporibus est magni. Laborum amet distinctio et eos sequi quas. Eveniet est excepturi praesentium consectetur ullam ullam. Iure et numquam doloribus dicta. Sed quas sint mollitia omnis magni. Iure et ducimus libero reprehenderit placeat. Rerum minus laborum et quod sit aut. Et illum vero explicabo quia doloribus. Reiciendis aut iste porro blanditiis ex molestiae. Dignissimos quia voluptate quis odit culpa aut. Quia eos commodi aut inventore impedit. Provident consequatur illum officiis quas occaecati fugit molestias. Rerum suscipit ullam consequatur quibusdam autem. Commodi itaque in dolore ipsum ut. Harum dicta soluta laudantium enim non ut quo. Eaque libero non repudiandae dolorum adipisci porro qui. Qui quae enim aut ad. Eos voluptatem dolorem nobis eveniet placeat aut aut. Ipsam perspiciatis alias nam quia. Est mollitia doloremque minus nesciunt eum dolorem. Ab aut enim tenetur consequatur expedita iusto eum. Ab quisquam voluptatem unde maiores odit. Et consequatur libero quae voluptatem consequatur. Unde similique iusto sequi sed alias. Voluptatibus odit numquam fuga et. Nemo adipisci ea aut distinctio. Molestiae et enim maiores molestiae dolores aut. Asperiores tempore consequatur accusamus amet reprehenderit accusamus animi voluptate. Deleniti ad dolores ut voluptatem. Impedit sed reprehenderit dolor consequatur nemo laboriosam. Dicta illo alias ut nesciunt ut officia. Dolor quas recusandae quia mollitia sapiente dignissimos corrupti. Ab magni voluptas laborum eius. Itaque dignissimos architecto nulla. Accusamus adipisci excepturi amet expedita.','1',1,1,'2023-05-24 22:33:22','2023-05-24 22:33:22'),(63,'Porro ea assumenda odit suscipit qui.','porro-ea-assumenda-odit-suscipit-qui','Vel adipisci deserunt qui consectetur et iure et sint. Et est nam reiciendis maxime et. Omnis doloribus numquam et velit nihil. Vel doloribus commodi omnis aut ut.','Velit a similique sint tenetur voluptas. Adipisci vel eveniet dolore in aut laborum. Ut excepturi quos enim ea harum. Deserunt voluptas ab maiores rem aliquid aut qui. Amet expedita dignissimos incidunt suscipit tempora repellat repellat. Modi maiores sunt ab et dicta sapiente nemo. Quia voluptatum alias quis et ducimus quia. Hic non ipsum neque commodi placeat expedita. Hic nihil est nihil omnis sit placeat dolorem. Ad dolor quam laborum officiis sed consectetur illum. Nesciunt explicabo voluptas necessitatibus enim eligendi. Possimus magni voluptas perspiciatis vero reiciendis. Officiis blanditiis atque ea quas expedita adipisci. Sint vel ex doloribus amet autem. Ad aspernatur molestias qui necessitatibus et fugiat laborum numquam. Possimus deserunt harum et dolorem ipsam. Maxime qui nihil nihil quidem ad. Ea magni nostrum sunt velit quia. Beatae rem aut qui et illo. Qui occaecati qui dolor itaque laboriosam quisquam vero. Et quisquam facilis aut qui voluptates. Enim et voluptas ipsa est. Dolorum ab eos officiis exercitationem harum vitae quis. Quibusdam est autem dolorem. Doloremque quos voluptatibus praesentium placeat. Sequi aliquam sit vitae inventore fugit numquam omnis. Ut et aperiam distinctio necessitatibus. Sit impedit temporibus dolor molestiae ab. Neque nisi molestiae cum. Asperiores modi quis voluptates omnis soluta sequi voluptatem. Non corrupti voluptatem doloribus et similique doloremque ut. Explicabo molestiae hic non odio blanditiis ullam. Autem sit fuga accusantium omnis error quaerat. Quisquam soluta velit sunt vero quisquam neque et. Occaecati officiis expedita qui atque. Nisi totam officia beatae asperiores provident ipsam. Minus veritatis libero unde praesentium harum cupiditate. Magnam et laudantium eos et doloremque quis et. Vel numquam qui impedit quam. Deserunt et corrupti reiciendis quia officiis similique. Suscipit qui nulla earum commodi. Nisi iusto illum nisi excepturi. Temporibus ullam molestiae quaerat delectus qui.','1',9,1,'2023-05-24 22:33:23','2023-05-24 22:33:23'),(64,'Libero id recusandae expedita.','libero-id-recusandae-expedita','Nulla sapiente hic nisi nihil eos reiciendis quia in. Aliquam qui minus neque unde est repudiandae non. Enim nesciunt autem id. Omnis ullam veritatis adipisci aperiam ipsam.','Neque excepturi ut voluptate vel eum animi molestiae. Illum et corrupti consequatur quis optio optio natus. Minima aut molestiae facere autem impedit mollitia ut. Aspernatur earum consequatur qui sint eius perspiciatis. Pariatur dolorem quo deleniti facere velit quis. Aliquid libero ut occaecati temporibus. Et exercitationem ut et officia. Labore et eum id magnam est eos asperiores in. At at illum sed occaecati sit recusandae ut sint. Qui omnis aut assumenda saepe itaque odio aspernatur. Rerum quis accusamus voluptas vel. Quis in ullam incidunt qui. Qui dolorem laudantium qui ea totam voluptatem. Accusantium iusto aut dolorem quisquam excepturi. Dicta facere quos tempora nihil. Ut ea quidem qui sed. Ut debitis voluptate quo qui. Autem laudantium enim nihil animi. Quia aspernatur consequatur cupiditate cupiditate. Vel ut quis aperiam corporis autem maiores id. Quis ullam saepe itaque quo. Et libero quasi voluptates qui vero. Vel mollitia neque numquam molestias occaecati fugit tenetur. Beatae eos amet accusamus sequi tempora laboriosam atque. Libero alias id repellat eos reprehenderit. Ratione est laboriosam sit qui reprehenderit. Dolores sit alias qui est earum dolor nesciunt. Inventore adipisci tempora eligendi quia nam nemo molestias deserunt. Similique maiores optio aut ad necessitatibus corrupti quisquam. Quisquam exercitationem unde veniam. Quibusdam eos dolores dolorum mollitia soluta explicabo saepe animi. Eos placeat laborum asperiores quos minus. Ut quod dolor distinctio. Sed sit dolorum laborum. Ut praesentium modi harum eos molestias voluptatem. Delectus quo voluptatem odit ex sit ratione. Architecto sed et et aut neque quasi. Perferendis sunt asperiores et nihil iusto qui aspernatur. Voluptatem sequi quia dignissimos facere molestiae laudantium expedita ratione. Facilis quo quia sint. Facere voluptatibus ad commodi.','2',9,3,'2023-05-24 22:33:23','2023-05-24 22:33:23'),(65,'Libero unde doloribus recusandae voluptatem similique sapiente distinctio et.','libero-unde-doloribus-recusandae-voluptatem-similique-sapiente-distinctio-et','Et quaerat reiciendis minima corrupti officiis. Iure perferendis sint est aut aut nisi eum. Ea quam aut praesentium neque hic.','Ipsa odit inventore veritatis nihil rerum nesciunt aut officiis. Voluptas officiis est et rerum saepe. Nemo vel vitae in vitae velit accusantium aperiam. Alias ipsam unde consequuntur doloribus dolores voluptas dolor. Delectus similique sit ut id dolores commodi. Deleniti iusto distinctio optio reiciendis. Natus assumenda est iusto dolorum ipsa laborum. Sit sunt aliquam suscipit quos accusamus aut nobis. Sed aliquam ipsum quaerat nostrum dolore ut aut explicabo. Est quo culpa sed quas sit. Natus vitae a voluptate officiis sint modi excepturi. Quo culpa sapiente qui esse tenetur. Modi est nemo sit voluptatem beatae. Nihil et officiis modi non repudiandae eligendi. Voluptate autem eos minus deserunt. Deserunt qui sed accusantium ut ut ipsa recusandae. Possimus dolor asperiores rerum molestias laborum. Quisquam modi sed est nihil aut ratione et est. Quia vel quas sed. Nihil reiciendis sint beatae voluptatem sit similique minus libero. Et omnis totam eaque culpa qui. Molestiae saepe animi eius labore. Quasi quisquam minima praesentium placeat temporibus saepe. Suscipit enim modi culpa ut omnis nobis illum itaque. Saepe cum sint et rerum. Molestiae sapiente qui facilis cum nam. Quia rerum aspernatur et in fugiat fugiat architecto. Accusamus ipsam qui repudiandae voluptatem ipsa. Libero occaecati numquam et nesciunt nostrum odit. Occaecati consequatur voluptas nulla impedit. Dignissimos quas iusto impedit earum. Beatae cupiditate recusandae a voluptatum. Eos quod est facere maxime soluta voluptatem nesciunt. Eius doloribus qui voluptate quibusdam. Exercitationem eveniet ipsam omnis ut nobis eos esse est. Odio hic occaecati soluta dolor dolorem enim nisi. Dignissimos aut nisi ut aliquam et sint. Est eos tempore est vel consectetur sapiente eveniet. Enim consequuntur aperiam eos omnis et dignissimos est.','1',10,2,'2023-05-24 22:33:23','2023-05-24 22:33:23'),(66,'Tempora porro deleniti tempore nihil in vel.','tempora-porro-deleniti-tempore-nihil-in-vel','Ut doloribus a quas vel mollitia omnis. Ratione consectetur rem molestiae ea qui quas. Porro et sint harum assumenda eius eius unde non.','Quis alias placeat et velit. Magni et non quia laboriosam odit incidunt vero dolor. Non ea itaque voluptatem. Quam nemo vel omnis. Non mollitia repellat quia voluptas est alias numquam saepe. Eligendi dolore ut ut dicta dolorum. Cupiditate minus esse quia. Nulla magnam eveniet nihil vero vero consectetur nulla. Atque velit omnis dicta nisi et quisquam. Corrupti quia est totam assumenda. Sed enim reiciendis est fuga. Non earum totam qui molestias dolores ad non. Dolorem delectus repellendus recusandae est. Ea inventore voluptas dicta repellat. Nihil consequatur suscipit temporibus in nostrum sit. Architecto alias in rerum expedita aut optio. Natus recusandae est veritatis accusamus amet ratione sed. Nisi sapiente consequatur rem maiores. Et eius quos voluptas qui quia cupiditate. Qui suscipit pariatur aut rerum voluptates. Voluptas iure officiis delectus adipisci qui qui facere aut. Dolor quasi et dicta nam. Ea maxime id et et voluptates sit. Suscipit voluptate eum blanditiis sed sit numquam aut. Quam ut id sit ex necessitatibus quis ipsa. Architecto dolorum error earum exercitationem nesciunt. Dolor veritatis dolores in aut in. Autem eum autem repellendus quod consequatur. Facere consequatur non numquam non ab aut. Aut excepturi iure illo et harum et. Rerum natus occaecati similique sint voluptatem quia. Ea quaerat ipsum eveniet repellat quas nihil minima aut. Repellendus hic dolorum ducimus dolores laborum eaque odio. Odio debitis hic quidem dolorem maiores. Minus ipsam voluptatum aut non officia dolores at. Mollitia voluptatem veritatis consequatur odit ipsam. A sit eaque quidem sequi soluta. Saepe expedita consequuntur eius quisquam reprehenderit perspiciatis enim. Commodi autem quo accusantium sed. Voluptatibus officia quis voluptates nulla quis. Voluptatibus architecto sed qui ipsa asperiores nemo at. Quia a nulla blanditiis ad sit.','2',2,4,'2023-05-24 22:33:23','2023-05-24 22:33:23'),(67,'Similique eos culpa aut.','similique-eos-culpa-aut','Omnis et et quis molestiae soluta saepe. Omnis nobis velit nam aut. Dolorem necessitatibus quia quos est consectetur aliquam. Eos cupiditate amet sed cum autem.','Qui nisi quia itaque. Officia deserunt sit maxime et aliquid. Suscipit id quam molestias doloribus deserunt asperiores et. Vero et accusantium tempora id. Soluta blanditiis et vitae. Ad aliquam rem cupiditate et fugit consectetur. Quidem necessitatibus tenetur sit. Illum non assumenda beatae est sed rerum. Animi ipsa tempore maiores dolor quidem eos nihil tenetur. Doloribus veniam similique sit fugit quia. Beatae dolor hic temporibus id quis vel consequatur. Commodi iure ut et tempora. Commodi corrupti doloremque est quia soluta quia aut. Ab incidunt deserunt eius quis esse dolorum. Praesentium voluptatum repellendus omnis deserunt. In aspernatur ratione et magni perspiciatis mollitia. Eos laborum labore et in. Cum aut dignissimos consectetur fugit aperiam quam ut. Corrupti sit eum et dolor ad sit nesciunt veniam. Soluta voluptatem aut voluptatem rerum. Omnis a illum illo dolor natus eligendi est dicta. Minima et consequatur harum incidunt ipsa eveniet. Earum sint dolore tempora voluptas totam. Et fugiat mollitia porro sed fuga tempora aut. Sed necessitatibus enim quis velit. Sunt blanditiis culpa excepturi quis quae eum qui voluptatibus. Explicabo blanditiis nostrum ut et nemo. Provident quis nisi ut est repellendus. Aut autem ex architecto. Dolor delectus debitis deserunt iusto doloremque sed fugit. Tenetur consectetur sint quia. In qui eum excepturi est aut quibusdam. Ullam ea debitis quis quos quo quae sit. Optio adipisci maxime voluptas cupiditate nihil beatae vitae. Consequuntur consectetur ut magnam. Vero ut dicta dolores perferendis illo tenetur. Qui et nisi vero odit odit ab magni. Quisquam et et molestias consequatur voluptate voluptas. Voluptatem ut rem totam accusantium reiciendis similique. Consequuntur suscipit vel quae ut. Perspiciatis dolorum animi nobis dolor quae a. Est quidem similique inventore non. Inventore harum eveniet aspernatur odit enim quibusdam fugit.','2',1,4,'2023-05-24 22:33:23','2023-05-24 22:33:23'),(68,'Ipsa quod blanditiis expedita qui porro nulla laborum.','ipsa-quod-blanditiis-expedita-qui-porro-nulla-laborum','Magnam debitis dolores deleniti. Delectus sed et velit dicta. Doloremque est quis exercitationem sint. Error rerum dicta excepturi quia unde cumque. Fugiat aliquam sunt ut ut. Molestiae qui aut nisi sit. Nulla et cum eos ab libero.','Mollitia est consequatur et voluptatem occaecati atque. Autem aut iste voluptas id perspiciatis nobis dolores dolore. Voluptates quo ut non reprehenderit commodi. Soluta provident dolorum enim officiis. Impedit qui molestias explicabo cumque minus cum corrupti velit. Rerum qui quaerat at nesciunt eaque officiis quis. Fugiat architecto et omnis officiis mollitia magni est quo. Unde inventore et veniam consequatur omnis. Facilis quia consequuntur ipsam quia sequi magni rerum itaque. Aliquid quae nihil et maiores asperiores. Sit consequatur distinctio sunt asperiores. Id molestiae nulla cum est qui sed nihil. Quia exercitationem neque natus odit tenetur qui delectus. Aut ex qui consequuntur ut. Fugit aut sit provident perspiciatis saepe voluptatibus. Qui accusantium deserunt corporis nemo ex. Ex dolorem laudantium quia repellat est quia asperiores. In expedita cum est magni nostrum occaecati minima ad. Est magnam rerum et ipsa repellendus dolor. Ut quibusdam non nisi tempore ut corrupti. Amet est nihil et ab molestias sit. Necessitatibus dolores et ducimus earum est qui. Facere ut et voluptate architecto quia reiciendis nihil. Reiciendis in harum hic ut voluptatem voluptatem dolor. Dolores tenetur consequatur eos magni quis doloremque rerum ad. Quaerat reprehenderit ea sint. Blanditiis error qui quos hic nobis. In aut fugiat nesciunt odio vel culpa. Sint dolor itaque porro. Occaecati quae molestias officiis non et ut. Exercitationem alias temporibus corrupti blanditiis magni unde error. Culpa harum aperiam inventore. Voluptatem et eius eum officiis. Temporibus aut in sint sit quibusdam inventore. Est et deserunt eos corporis ut. Est quia est numquam et et in iusto. Est qui aspernatur consequatur reiciendis commodi enim vel. Aspernatur vitae aut sed quaerat eveniet. Inventore in sint omnis similique animi ratione. Ipsa id tenetur qui dolores perferendis. Aliquam aut ab omnis nulla maxime. Et magnam repudiandae quibusdam aut. Numquam veniam adipisci quibusdam beatae et.','2',8,1,'2023-05-24 22:33:23','2023-05-24 22:33:23'),(69,'Id placeat dolorem aliquam molestiae et in fugit.','id-placeat-dolorem-aliquam-molestiae-et-in-fugit','Maiores consequuntur assumenda consectetur. Ut officiis sed magni atque.','Rerum sed qui magnam error. Ut quia expedita minus iste placeat est sit. Voluptas ullam debitis perspiciatis laborum. Itaque ratione quos in possimus. Praesentium et quis alias vero dolore perspiciatis rerum necessitatibus. Molestiae excepturi in facilis voluptatem quae vero. Esse facere exercitationem magni ratione laboriosam perferendis quia. Quas asperiores eius voluptatem repudiandae. Aut autem ab ab facilis. Velit maxime sed labore mollitia quo voluptatum. Qui recusandae voluptatem hic repellendus dolores tempore deleniti aut. Magni ullam unde officiis commodi. Culpa est distinctio quis velit excepturi. Error quia ut ad molestias. Unde et asperiores autem magni molestiae voluptatem ad. Aperiam animi voluptas nihil. Dignissimos error in iste ab qui nam. Voluptatem consequuntur eveniet sit veritatis et dolor. Suscipit fugit et debitis et nisi ut. Aspernatur ut natus omnis. Pariatur molestiae voluptatem expedita accusamus qui. Omnis est nulla enim eos et. Animi aperiam debitis est. Ut at molestias vero est. Harum architecto illo ut molestias qui. Eveniet optio natus quam est fugit error. Neque nemo esse soluta recusandae molestias quaerat. Possimus temporibus eum et quasi ipsum id laborum. Vitae perspiciatis deleniti nemo animi accusantium. Et tempore aut natus soluta eos temporibus. Placeat quod quae aut voluptatum beatae. Soluta quia nesciunt assumenda sint a quos. Vero quaerat deleniti dolor nemo et magni. Dolorem in vel et vero numquam rerum assumenda. Nihil dolor unde omnis. Quo animi facilis inventore. Cupiditate quia earum facere praesentium necessitatibus beatae quae. Ut explicabo totam sit ullam molestias error. Eum qui quae perspiciatis. Iste ut odit dolor saepe. Distinctio cum nihil deserunt dolor. Dolore quia aperiam rerum et culpa qui. Qui reiciendis consectetur earum sunt ea tempora reprehenderit. Aspernatur voluptas libero omnis ipsam. Placeat quam tempora quae ea et pariatur. Id sit veritatis praesentium. Dolore et officia quibusdam enim ratione.','1',6,4,'2023-05-24 22:33:23','2023-05-24 22:33:23'),(70,'Sed qui ut sit enim.','sed-qui-ut-sit-enim','Ea et velit quaerat eveniet sit inventore. Veniam reprehenderit expedita et dolorem sit laborum esse veritatis. Ex repellendus ea eaque velit dolores. Repudiandae eum repellendus minus beatae.','Ut deleniti neque molestias rem. Quasi repellat harum impedit numquam nihil molestiae. Sunt laudantium adipisci recusandae dolores labore consequatur sit est. Tempora rem quis eum provident odio dolorum sed. Laudantium tempore ut voluptatem est qui nihil. Molestias id vel reiciendis voluptatem placeat vel voluptas. Sapiente quo cum consequatur nisi. Velit porro beatae asperiores. Fuga provident quia voluptate iure in. Modi recusandae in dolorum. Placeat aperiam dicta consequuntur impedit deleniti laborum fugiat. Quidem maiores distinctio ut corporis officiis non excepturi autem. Excepturi et voluptates vero in qui. Sed eos at omnis quis cum quaerat perspiciatis. Iure quia magnam porro quos. At voluptas molestiae totam nemo labore pariatur tempora. Voluptates id quo ducimus voluptas dolor. Delectus aut molestiae qui qui. At cum veniam dolores iure. Laboriosam consequatur quaerat nemo in doloremque. Unde fugit accusamus est ut est. Quod similique sed quia nobis in. Ipsum quis accusamus ut sed. Laborum aliquam tempore natus voluptatem molestiae et odio. Voluptas fuga molestias numquam necessitatibus rerum optio. Eum totam aut exercitationem consequatur ab est molestias. Quo aut non ducimus impedit deleniti rerum. Reprehenderit aspernatur voluptatem saepe quia. Qui unde molestiae doloribus consequatur voluptate. Vel dolore delectus sit aliquid tempore velit perferendis. Odio voluptate veniam facere culpa eum sed dicta. Impedit non provident voluptates. Culpa repellendus ipsam quod quas aut. Perferendis voluptas quia sit quis occaecati distinctio. Veritatis eaque laboriosam placeat in ut modi. Doloremque ut vel exercitationem dolor eum sed. Qui quos nostrum pariatur eius. Autem consequatur et impedit mollitia. Id voluptatem cum nesciunt quod velit qui odit sit. Fugit dolorum sit necessitatibus soluta odit quos occaecati. Tempora qui dolorum quia aperiam. Voluptas sequi occaecati sunt nisi laborum. Sit veniam molestiae non placeat aut cumque et. Non sint aut est esse.','1',9,4,'2023-05-24 22:33:23','2023-05-24 22:33:23'),(71,'Beatae voluptatem inventore incidunt id voluptatem magni.','beatae-voluptatem-inventore-incidunt-id-voluptatem-magni','Dicta beatae accusamus nulla dolorem est dolores. Et sit itaque natus non vel. Dolores consequatur a et explicabo quae quam.','Expedita dolorum qui sint quidem. Autem maiores sunt laborum maxime. Dicta quod non dolorum molestiae aperiam. Non natus nobis maiores sed iste iusto. Aspernatur libero eos beatae asperiores placeat iure voluptas. Est eos et voluptatibus repellat enim qui distinctio. Doloribus voluptatem excepturi non quaerat ea reiciendis. Temporibus et perferendis aut reprehenderit voluptate nisi quo. Cumque eveniet et quas qui voluptatibus illum temporibus. Nemo est officiis quae ad. Quisquam unde et nesciunt et dolore ea earum nam. Dolorem non quaerat in. Consequuntur at voluptatem ipsa sit consequatur odio. Sit molestias aut cupiditate iusto velit porro. Saepe tenetur doloremque tempora consequatur et quis aliquam. Fuga officiis qui nesciunt sed id nemo quis. Qui nemo iusto dignissimos velit officia. Voluptates soluta quas nesciunt error mollitia veniam. Et natus temporibus aperiam. Velit quibusdam harum hic dignissimos aut voluptates officiis libero. Occaecati repudiandae et necessitatibus repellat voluptatem ratione dolor sequi. Est iusto amet dolorem amet aut minus sequi. Est error repellat suscipit eveniet molestias occaecati tenetur. Et ea accusantium dignissimos. Sunt a at est sit numquam debitis. Aut in et sed. Consequatur ut illo accusantium nemo amet. Ratione qui deserunt est ut esse dolore. Eos excepturi ducimus harum qui ullam. Laboriosam veniam nisi quae culpa. Odit rerum molestias sint perspiciatis deserunt ullam. Excepturi corrupti fugiat corrupti. Autem quia est enim. Molestiae qui et aut error pariatur rerum et. Qui deleniti neque aut excepturi id. Mollitia et laudantium nostrum sit incidunt dignissimos alias. Qui laboriosam corporis tenetur voluptatem nam laboriosam ea. Qui recusandae omnis rerum dolorem consequatur. Deleniti ullam aut laudantium perferendis minus ut aut. Modi aut aut totam laboriosam recusandae. Tempora et voluptas quasi. Consequatur et in quis nemo.','2',7,4,'2023-05-24 22:33:23','2023-05-24 22:33:23'),(72,'Magnam non voluptatem ipsum dolor debitis non.','magnam-non-voluptatem-ipsum-dolor-debitis-non','Est ipsa praesentium totam unde eos expedita. Ut quo nihil sapiente consequatur ad omnis. Incidunt neque sit quaerat.','Sapiente minima corrupti voluptas dolores omnis excepturi similique. Fugiat iure quia iure iste et vitae. Hic cumque ex et expedita nostrum eligendi. Consequatur ducimus eveniet veritatis iusto sed saepe aliquid et. Doloremque officia repellendus sit delectus quam. Iste est vel omnis libero qui molestiae facilis. Rem in quia est voluptate dolore voluptas. Dolorem nihil sint tempore nihil sed debitis et. Voluptas omnis cupiditate praesentium nihil totam. Quas magnam est quis vel tempora architecto commodi. Quam et iure amet. Ut quo consequatur possimus aut. Et placeat consequuntur velit quia similique occaecati. Nostrum autem quo sequi alias et officia ut cumque. Ut tenetur sequi qui velit. Expedita temporibus eligendi reiciendis neque unde sunt rerum nesciunt. Officia delectus ullam iure ab officiis eveniet. Architecto officia adipisci repellat dolorum rerum aut. Fugiat modi facilis odit quo iure et. Occaecati vel ipsum rerum ad. Omnis doloribus consequuntur expedita. Unde saepe consequatur minima ut quas repellat magni. Dolor laborum natus nulla sapiente. Veniam enim dolorem dolores et. Ut et dolores error beatae. Dolores accusamus quisquam doloremque dicta sit asperiores corporis. Quas qui qui pariatur. Molestiae facilis facere quam et molestias sed. Eveniet omnis voluptatem eos sunt doloremque. Dolor rem sapiente exercitationem architecto commodi quis. Rerum labore vitae laboriosam. Libero odit natus non nisi sunt accusamus. Laboriosam placeat sapiente quia ipsum quia. Dolores aspernatur dolore nisi perspiciatis sunt. Est placeat non minima quo quis aliquam. Sequi non accusantium ut cum cupiditate aperiam consectetur. Ullam labore est temporibus officiis. Et nemo quidem sit voluptates iste. Nam facere officiis voluptatem voluptatem animi autem quasi sint. Eum voluptas mollitia aperiam quae praesentium voluptatem. Animi deserunt doloribus cum nostrum. Mollitia tenetur id voluptatem cum quos placeat et est.','2',1,4,'2023-05-24 22:33:23','2023-05-24 22:33:23'),(73,'Id culpa provident doloremque perferendis voluptatem reprehenderit cupiditate sed.','id-culpa-provident-doloremque-perferendis-voluptatem-reprehenderit-cupiditate-sed','Debitis omnis sequi pariatur doloremque dolorum omnis vel. Est illo consectetur non provident doloremque. Sed vel occaecati sapiente sint. Aut vel amet velit omnis enim totam est. Blanditiis accusantium et consequatur dolores.','Qui rem optio sit doloribus aut. Voluptatibus officia est rerum laborum aut voluptates tenetur. Eos aperiam quisquam velit. Dolores qui modi laudantium impedit et fugiat dignissimos. Voluptas similique cum nam. Tempore est mollitia quod et cupiditate. Saepe cupiditate itaque ut autem sunt similique. Deleniti fugit non sunt saepe. Assumenda sint dignissimos provident velit. Occaecati et ea accusantium. Reiciendis enim laboriosam et. A ea blanditiis quia id ut et temporibus nobis. Aut libero in suscipit rerum dicta. Veniam quod quisquam debitis. Omnis velit qui consequatur et aliquam. Reprehenderit est eveniet iste nulla nostrum est. Ut architecto nulla itaque neque velit. Nemo quia aspernatur a maxime. Suscipit porro id ad exercitationem sit eveniet. Non aspernatur est excepturi molestias repudiandae ducimus. Inventore ut omnis aut perspiciatis quia. Dolores unde dolores rerum velit dolor quo facilis. Molestiae id ullam officiis ut aut nihil possimus. Voluptatem quia sit dicta qui. Aspernatur necessitatibus occaecati exercitationem eos nemo ratione sunt. Recusandae aut sint qui natus quibusdam voluptatibus consequatur. In et veniam voluptatibus est sint aut possimus quos. Est adipisci quia excepturi est aut dignissimos mollitia. Ut debitis aut rerum rerum voluptatum. Consectetur commodi at qui. Modi soluta tenetur aliquam sapiente. Non debitis placeat quos velit possimus atque. Consectetur sit doloremque blanditiis quas ut accusamus repellendus quod. Quidem aperiam et placeat repellat porro. Ut et nostrum eius veniam est quia repellat. Voluptatem dolorem voluptas enim voluptatibus et sit. Perspiciatis eos eaque ratione molestias. Dignissimos voluptatem culpa dolores aliquid non. Provident saepe eum qui quidem fugit vitae accusamus et. Eum porro et perferendis consequatur magnam porro. Sequi quia quod iste eius eveniet. Autem voluptatem sit qui ipsa facere commodi. Aut deleniti esse dolor expedita nulla.','1',10,2,'2023-05-24 22:33:23','2023-05-24 22:33:23'),(74,'Error sit quaerat voluptatem nisi repellendus velit.','error-sit-quaerat-voluptatem-nisi-repellendus-velit','Possimus quidem minima natus vel corrupti nesciunt accusantium. Ea a qui quibusdam est inventore. Molestiae blanditiis quas unde quo dignissimos ea. Sed aut quae illo ut. Reprehenderit nam dignissimos sed voluptas blanditiis.','Commodi excepturi qui deserunt rerum quasi illum adipisci. Cum eligendi mollitia aut adipisci. Quia non est eius ut ut. Aut quos commodi cum distinctio. Beatae soluta enim quo. Nesciunt quia consectetur iure. Nihil voluptatem est quasi aut eveniet. Ex odio veritatis et voluptates. Deserunt consectetur accusantium fugiat velit consequatur delectus ut. Omnis rerum aut fugiat illo ea corporis numquam. Explicabo quidem suscipit qui voluptatem dicta saepe et. Id nostrum repellat repudiandae temporibus dolorem culpa hic velit. Molestias ut dolores possimus beatae natus voluptas vero. Debitis nostrum maiores id rerum ex qui. Magni nobis laudantium quis et enim. Et eum natus repellendus asperiores quam. Amet ad assumenda assumenda sed. Ea rerum impedit id illum ratione impedit. Assumenda dolor laudantium facilis accusantium. Corrupti illo quas architecto itaque eum earum. Voluptates velit voluptates quia aut voluptas ipsa sequi. Dolores fugit minus esse sint at architecto consequatur minima. Odit quia molestiae numquam neque et ab. Qui tempora iusto beatae quia. Unde nemo quos iusto. Deleniti ut modi sunt soluta. Ex velit facilis non alias animi. Autem voluptate molestiae ut tempore vel rem debitis. Porro sapiente officia doloremque amet pariatur. Dolor voluptatem reiciendis ut hic hic culpa rerum. Vel repellat nam nihil qui. Voluptatem sunt minus et repellendus nobis perferendis exercitationem. Sunt ab atque quaerat quod beatae possimus corrupti. Eius eum veniam officiis non quo sequi. Recusandae vel quia tempore quia consectetur voluptatibus. Debitis quia ut mollitia blanditiis ducimus aut rerum voluptas. Quo dignissimos eum voluptatum ullam eligendi quisquam ipsa. Cumque dolores ipsum exercitationem possimus. Vel est dolores tenetur delectus. Voluptate totam itaque doloremque incidunt quia et. Inventore consequatur et aut quis ut dolores.','1',11,4,'2023-05-24 22:33:23','2023-05-24 22:33:23'),(75,'Unde ad inventore molestias tempore et.','unde-ad-inventore-molestias-tempore-et','Fugiat reprehenderit quo tempore neque. Neque velit itaque qui quia reiciendis. Quae dolore officia maiores perspiciatis perspiciatis. Laboriosam architecto quasi aut nesciunt vero.','Fugit et quis incidunt. Vel non rerum ea sunt rerum qui. Esse animi est neque voluptatem est corrupti corporis. Reprehenderit ex nesciunt repudiandae impedit qui provident suscipit beatae. Distinctio ut blanditiis quod nihil eos. Quis delectus suscipit unde nobis nam et rerum. Enim perspiciatis ea quod. Dolorum consequuntur ipsam enim nostrum. Doloribus a delectus omnis minima ipsa quae. Amet natus dignissimos et sequi accusantium unde aut. Et perspiciatis iste asperiores vel autem aspernatur est. Ut facilis ut aliquam facere quasi. Odio culpa eveniet sed dolore. Qui impedit atque iure non. Molestiae iure nihil tenetur deserunt id quod. Ipsam velit molestiae qui quia sint. Veritatis aut quis eligendi laboriosam sunt ut. Ea quis nostrum unde libero. Est corrupti natus velit fuga voluptate quasi ex. Rerum excepturi est labore facilis libero veniam. Soluta quia placeat mollitia quia sapiente qui. Ullam expedita ullam dignissimos vero. Est laborum sed vero ratione. Rerum nulla et quidem velit culpa. Labore atque eaque aut ea qui aut ipsa. Nostrum aliquam itaque adipisci vero. Iusto commodi incidunt reiciendis ratione maxime. Tempore dignissimos qui sit accusantium. Natus quis repudiandae quae et adipisci. Rerum facilis aut voluptatem aperiam consequuntur expedita in. Reiciendis nesciunt atque quas nihil. Beatae reiciendis similique dolores nostrum molestias in modi. Aliquam ut voluptate ea. Aut libero et rerum explicabo nulla animi quia. Itaque quisquam aperiam in. Maxime consequatur praesentium ipsam ut. Quod consectetur sapiente vel. Omnis explicabo architecto veritatis nobis. Deleniti aperiam eveniet consequatur reprehenderit minima est dicta. Molestiae quo sunt tenetur saepe pariatur. Eveniet amet eaque modi repellat laudantium esse. Deserunt porro ea saepe sed quas placeat alias. Atque quo ad voluptas veniam. Voluptate aut officiis corrupti est.','2',4,3,'2023-05-24 22:33:23','2023-05-24 22:33:23'),(76,'Aut tempora est autem officia facilis.','aut-tempora-est-autem-officia-facilis','Eveniet qui et praesentium et et enim necessitatibus. Quia doloremque voluptas odit sit temporibus perspiciatis. Nam id sit inventore laudantium expedita repudiandae.','Vitae perferendis ea culpa omnis ab. Facilis ut illum aperiam. Quia soluta accusamus dicta sed soluta nihil. Laborum nisi voluptate impedit alias cum. Eius deleniti error sit mollitia voluptatem. Et voluptate earum et magni modi perferendis. Occaecati enim cumque officia. Facilis exercitationem optio ea in quia sit. Commodi molestiae quia hic omnis nihil. Nam sint amet ea nam molestiae id. Nesciunt temporibus iure voluptatem quae cumque eligendi. Nostrum asperiores perspiciatis rerum illo exercitationem. Libero enim inventore tempore fuga. Sint sit commodi est neque ut explicabo. Aut delectus id vitae eaque totam. In veritatis maiores velit veniam optio facilis voluptatem. Qui quas ullam harum est ullam. Temporibus ducimus eum praesentium reiciendis quam qui suscipit. Numquam et consequatur dolorem. Dolores dolor consequatur quo in nemo omnis. Quod ipsum excepturi earum qui perferendis quasi. Aliquid voluptatibus fugit odit pariatur. Perferendis laborum et sit. Enim id rerum deleniti. Ad fuga consequatur debitis iste rerum aspernatur. Ut ea velit sed assumenda ea veniam. Non voluptatem qui debitis aspernatur. Sunt dolorem nihil illum repellendus perspiciatis cum sapiente. Delectus qui in quo aliquid aut vel modi. Animi consectetur voluptates sit assumenda dicta et illo. Ex blanditiis exercitationem minus iste odit. Accusantium molestiae quibusdam illo natus. Ut voluptatum voluptatum libero ullam quas eos delectus dolores. Ea quia similique debitis quaerat odit. Magnam velit consequatur minima natus quam ea sunt. Dolores necessitatibus occaecati neque deserunt assumenda amet laboriosam. Et dolores cupiditate pariatur consequuntur. Nostrum repudiandae exercitationem fuga hic rem rerum a. Non amet et molestiae sit et magnam. Quia architecto eum recusandae eum eum repudiandae itaque. Beatae atque officiis sed odio consequatur ipsa cupiditate. Non maiores occaecati sed architecto ex.','2',7,2,'2023-05-24 22:33:23','2023-05-24 22:33:23'),(77,'Voluptates quidem eum molestiae ducimus nam.','voluptates-quidem-eum-molestiae-ducimus-nam','Iure consequatur corporis dolor. Ab ducimus adipisci voluptatibus nemo blanditiis impedit. Cum a voluptatem ipsum quia voluptatem tempore iusto.','Eos perferendis repellat ducimus et iste. Aut iste qui molestiae rerum eum molestiae. In veniam qui et eos. Inventore atque veritatis maiores earum quis. Quisquam ut ea beatae repudiandae dolor qui. Officia et odio numquam. Accusantium eius laudantium error omnis nemo. Doloremque reiciendis dicta rem soluta. Officia quisquam dicta et necessitatibus. Perspiciatis cum culpa velit perferendis et velit amet. Voluptatem sunt cumque sed est voluptatem voluptas numquam. Aut dolor nemo eius qui qui pariatur est debitis. Aspernatur quia iusto error accusantium dolore quae ipsam. Autem et reprehenderit illo. Accusamus eveniet inventore eaque est repellat non. Rem sunt et assumenda maxime necessitatibus eveniet. Nihil exercitationem voluptas qui error placeat. Vitae quibusdam et aperiam repellat in. Et aperiam ut natus omnis corporis. Occaecati veritatis ut aut est magnam vel quo. Aut ex ad provident id cum aut alias ut. Harum maxime nesciunt sed quod accusantium enim. Facilis odio est dolore id et aperiam. Aliquam id ut et cumque error. Magni cum omnis incidunt non a quia. Laudantium eius aut adipisci facilis. Necessitatibus nemo consequatur dolorem eos. Quia libero omnis et adipisci hic et. Perspiciatis dolores temporibus repudiandae. Ea voluptatum hic molestias repellendus temporibus aut. Ipsum asperiores velit omnis atque debitis eum cumque. Nihil est magnam tenetur deserunt illo aut sapiente. Molestiae porro quia perspiciatis consectetur error assumenda. Et alias assumenda similique laudantium pariatur molestiae eligendi laborum. Et non rerum excepturi. Error deserunt est a quod. Et culpa fuga similique consectetur dolorem doloremque. Pariatur exercitationem numquam voluptatem odit. Voluptate fuga nobis in cum neque et ut voluptatem. Sequi maxime dolor animi at dolores labore. Porro aliquid quia quibusdam quia blanditiis nulla est. Quis odit iure animi vel repellendus iusto.','2',10,1,'2023-05-24 22:33:23','2023-05-24 22:33:23'),(78,'Repellat dolores id nihil aliquid tempora.','repellat-dolores-id-nihil-aliquid-tempora','Culpa ipsum quo cupiditate omnis voluptate quas veritatis in. Est nihil quaerat est. Magni impedit quod in sit fugiat at ea. Accusantium id mollitia omnis quidem.','Neque odio autem consequatur et enim. Et debitis quo tempore ut tempora. Est quibusdam id qui qui a dignissimos perspiciatis. Ipsa totam est omnis iure natus. Iure optio deserunt eius. Qui eum sit voluptates itaque velit. Harum eveniet ipsam autem porro eum ullam dolores. Est impedit qui dolorem deserunt cum. Qui dignissimos rerum suscipit nihil libero. Libero at dolore commodi aut. Quia eveniet sint rerum quas sit quasi molestiae. Corporis iure nihil dolor veniam sit. Atque accusamus iste nesciunt voluptatem perspiciatis et. Dolores odit in explicabo nostrum est exercitationem ut. Est eligendi in rerum consequatur qui sit. Voluptas rerum eveniet et sit nobis totam praesentium. Dignissimos officiis voluptas corporis doloribus ipsa unde. Esse consequatur fugit distinctio. Facilis quibusdam voluptatem minima. Eos aperiam iure alias saepe at repellat et. Atque magnam qui accusantium nihil et exercitationem. At ut libero aut aut ducimus voluptate. Ut ut corporis eius et odio cum. Asperiores nostrum quis qui quisquam expedita delectus nemo. Eum incidunt voluptatem ut ut. Dolor qui aut et facilis. Reiciendis et laboriosam reiciendis libero dolor ipsum. Sint quis nulla est et corporis atque. Eum asperiores architecto nihil magni quia expedita veritatis. Dolores itaque nihil qui dolores. Dolor quasi nihil numquam porro consequatur aliquam. Inventore nesciunt deleniti qui et est ut molestias totam. Pariatur omnis et iure harum. Numquam possimus tempore vel voluptas qui qui provident. Placeat nisi sit quos cumque dolorum. Non dolorem doloribus pariatur omnis rerum hic et. Est corporis sed aperiam rem. Sit asperiores dignissimos aut. Dolorem neque molestiae rerum. Officiis iusto quod quia unde aut. Quam ex unde et sed iure. Est doloremque praesentium quia dolores dolor aut minima. Inventore incidunt dolor dolor enim doloremque omnis voluptas. Est enim blanditiis itaque dolores dolor accusamus aut. Ea temporibus consequatur repellat libero expedita facere provident.','2',8,4,'2023-05-24 22:33:23','2023-05-24 22:33:23'),(79,'Molestias atque cumque repellendus omnis.','molestias-atque-cumque-repellendus-omnis','Ipsam odit nihil error consequatur aperiam molestiae voluptatibus. Ipsam provident tenetur praesentium accusamus et. Eius facere incidunt expedita aspernatur quaerat.','Occaecati consequatur est eligendi quo. Consequatur ratione similique id distinctio illum natus. Error nihil temporibus dolores non. Qui voluptatibus blanditiis voluptas accusamus dolorum quod rerum. Ullam consequatur dolore voluptatem sapiente aut. Debitis dicta cupiditate ut et. Dolorum dolor fuga deserunt aliquam aspernatur omnis dolorem doloribus. Voluptas quo ut nostrum in voluptatem. Et magnam perspiciatis voluptatem iusto aspernatur ea. Est consequatur quia impedit omnis nihil. Placeat dignissimos tenetur quia itaque in. Voluptatem tempore minima consequuntur ut. Et incidunt libero nisi dolor. Natus suscipit est exercitationem a provident. Et voluptas laboriosam debitis similique modi. Et magni fugit ab sint facere rerum. Ipsam quod illum velit. Facere blanditiis enim distinctio dolore. Tenetur eos cumque excepturi labore sed sunt minus. Labore sint natus iusto est illo ut. Vel quia veritatis fugiat esse. Veritatis tempore quis fugiat cum. Quo optio odit doloremque tempora ratione sequi. Eligendi cumque non enim consequatur eum ea amet. Ipsa vel ut ut harum distinctio corrupti non. Error aut facilis rerum dolor error omnis voluptatem. Animi eum modi occaecati quas. Voluptas quam quae voluptatibus quibusdam saepe totam. In tempora omnis dolor sint minima ratione. Porro autem quod deleniti odit. Aperiam dolore et fugiat deserunt molestias. Non deleniti aspernatur et doloribus sunt cupiditate. Est odit soluta aut. Perferendis laudantium iste itaque aut voluptatibus. Consequatur rerum vero non odio incidunt. Facere nihil molestiae facere quam qui sunt eos. Voluptatum nobis modi mollitia. Incidunt cumque possimus consectetur rem. Enim alias sit veritatis pariatur quis et. Et recusandae eum delectus architecto unde molestias. Eos ab error distinctio et. Sapiente qui aspernatur ipsam voluptas consequatur. Est fugit nemo blanditiis qui modi assumenda itaque. Sint voluptatum maiores natus eos nostrum aut.','2',10,4,'2023-05-24 22:33:23','2023-05-24 22:33:23'),(80,'Doloremque incidunt aspernatur aut voluptatem quis repellat.','doloremque-incidunt-aspernatur-aut-voluptatem-quis-repellat','Ut provident neque quia atque impedit. Quo doloribus sit quis qui. Qui maxime amet repellendus similique et illo numquam. Qui deleniti quod corrupti itaque sint tempore deleniti. Et aut tempore similique eos.','Quidem consequatur minus quae est. Minus eaque qui eveniet explicabo nam atque dolor molestias. Exercitationem qui est fugiat fugiat qui minus. Ipsam doloremque optio sunt quidem rem ab. Optio in et velit eos minima incidunt est. Ut quod voluptas ab qui nesciunt. Alias qui aut et est fuga. Rerum nostrum quas non voluptas tempore. Sequi accusamus consequatur et tenetur exercitationem. Porro maiores adipisci amet reprehenderit quo molestias alias et. Debitis illum maxime dignissimos vel excepturi. Quia magni et recusandae rerum magnam. Earum harum deleniti ut laudantium explicabo quis. Est sint atque quod voluptatum quidem impedit sed eum. Dignissimos quidem libero et facere. Natus nulla in ut quia. Accusamus nobis similique recusandae reprehenderit soluta. Inventore quas ratione occaecati doloremque accusamus consequatur. Quis necessitatibus autem id. Mollitia tempore iste similique aut quis voluptas laboriosam. Alias deleniti suscipit eos accusantium est. Facilis id veritatis mollitia mollitia enim eum. Vitae atque laborum numquam maxime et occaecati et nobis. Dignissimos quia voluptatum reprehenderit repellendus qui corporis aliquam. Et in iure culpa vitae maiores dicta ea. Dolor quisquam officia ab aut harum quia. Itaque sit rerum officia quia quo ut quia. Nihil aut itaque cumque distinctio dolor repellendus. Numquam et possimus molestias nam rerum iure. Nobis quia eum sed quo et non. Molestiae esse id dolores et dolorem earum alias quo. Laboriosam hic pariatur voluptatum blanditiis corrupti cum. Et impedit at aut vel culpa vel. Officia quo et aliquam vitae. Similique enim in nisi quo animi et. Illum et praesentium voluptatem quibusdam ut aut autem. Voluptatem sed esse rem. Soluta quisquam reprehenderit quasi eum illum nostrum nulla tempore. Delectus rerum eos eius eius numquam qui. Ut non fugit dolorem. Omnis animi ut consectetur placeat. Quibusdam ab sint dicta ut sit rerum modi. Dolores sed esse sed autem iure corrupti vero.','1',5,2,'2023-05-24 22:33:23','2023-05-24 22:33:23'),(81,'Dolorem aut eveniet sed.','dolorem-aut-eveniet-sed','In recusandae ipsa beatae facere quos doloribus in. Nisi explicabo ipsam architecto eum voluptates aut neque. Sapiente cupiditate ipsa dignissimos iusto voluptatem maiores.','Nulla consequatur sit assumenda dolor nihil fugit. Temporibus asperiores nobis voluptatem quia cupiditate cumque qui. Quia non totam totam sit. Eveniet ea adipisci animi libero consequatur et dolores. Excepturi aliquam et excepturi dicta quaerat consequatur. Sunt et nobis cum corrupti et dolor consequatur tempore. Est eveniet et odit et in a expedita. Quaerat cum voluptatem aut optio voluptatem ea dolore. Officia eos praesentium et nostrum adipisci. Quisquam consequuntur expedita est fugiat autem ipsum. Iusto quis dolorum deserunt voluptas reprehenderit tempora. Sed quas beatae quam cupiditate. Quasi porro qui accusamus quos et magni vero. Quod nam similique alias qui ratione qui. Ut velit minus sit. Consectetur suscipit nisi earum officiis iusto. Dolorem quia necessitatibus eos accusamus mollitia eligendi. Omnis quas officia esse blanditiis rerum minima. Velit non consequatur tempore veniam enim aut cum. Cupiditate iste et voluptas est alias. Hic reiciendis sed accusantium voluptatum qui nisi. Ullam quia ad doloribus quae tempore aut. Atque ut aperiam laudantium provident corporis recusandae et. A nisi doloremque in modi consequatur aut. Molestiae rerum in nisi laborum unde incidunt quaerat. Error molestiae molestias est molestiae ut est. Quae id sit odio et ea. Harum ab nemo aut porro expedita non. Ut voluptas dolorum non a. Fugiat nihil ipsa qui totam sit. Ut vel eaque iste ut sint ipsum possimus. Quod sit occaecati deserunt accusamus ut officiis. Doloremque suscipit corporis ut. Iusto cum dolores laudantium. Mollitia incidunt ratione reiciendis. Non eius ea voluptas aut minus. Molestiae incidunt asperiores ut aperiam porro rerum. Sit nihil molestiae dolorem qui. Earum quo reiciendis omnis ut alias. Est aspernatur nisi possimus libero dolores aut. Enim at illo qui. Id tempora est vel facere et vel. Atque nulla nobis unde aliquid sit. Consequatur est excepturi earum eum saepe porro facere quis.','2',2,1,'2023-05-24 22:33:23','2023-05-24 22:33:23'),(82,'Nemo qui dolorum vero ut voluptas exercitationem.','nemo-qui-dolorum-vero-ut-voluptas-exercitationem','Nulla quisquam eum rerum saepe animi sunt at minima. Alias sunt rem ullam at voluptatem officiis delectus. Excepturi et vel quia dolor in. Et neque cum unde asperiores.','Nam placeat libero dolore laudantium. Doloribus architecto possimus tenetur. Nam eveniet quia illo est soluta architecto. Rem nobis ab sit fugiat fuga odio sed. Delectus esse id voluptatem et. Ipsam enim architecto sit dicta nemo commodi et. Velit eos error voluptatem fugiat iste. Minima odio corporis dolores dolore aspernatur alias culpa. Esse saepe vero est quia. Aliquam sit illo atque nobis aperiam quae totam ipsa. Quis recusandae omnis dolores tempore quae consequatur asperiores. Minus et ut qui cupiditate facere. Quasi suscipit repellendus voluptatem qui iusto. Et itaque nihil minima ducimus aut temporibus itaque. Animi sit totam rem pariatur. Iusto et omnis consectetur maxime consequatur dolore nam reiciendis. Architecto aut ducimus quia. Sapiente voluptatem pariatur et consequuntur voluptatem voluptatibus reprehenderit. Unde adipisci dolorem consequatur ea quaerat et iusto. Inventore doloremque iste voluptatem asperiores. Et amet rerum facilis esse placeat. Optio enim quia et commodi recusandae excepturi. Ut sed voluptas eos odit. Ipsum eligendi non vero dignissimos laudantium incidunt eligendi. Ut nobis ab consequatur. Perferendis aliquid aut illum nihil deserunt doloribus perspiciatis eos. Sapiente vel fugiat delectus sunt. Optio laborum odit fuga beatae omnis. Ipsa saepe suscipit iste. Velit non corrupti reiciendis. Commodi officia modi ad ipsa reprehenderit. Consequuntur vel quaerat eaque aut non omnis quo. Qui quia quia placeat est quia. Ab sit sint earum odit voluptatem. Optio rerum soluta aliquid voluptates nemo ea quidem. Et temporibus assumenda aperiam iusto. Ut sit illo veniam culpa dolorem numquam. Adipisci provident quasi dolores sit quidem et aliquid. In quaerat a laborum sed eum dolor. Atque voluptatem vel voluptas iusto alias nulla quo sint. Suscipit nostrum voluptas fugit iure nam. Consequatur iste porro aliquam.','1',2,4,'2023-05-24 22:33:23','2023-05-24 22:33:23'),(83,'Et nisi magnam consequatur quia eaque quas dolorum.','et-nisi-magnam-consequatur-quia-eaque-quas-dolorum','Qui aut quo quia doloribus perspiciatis. Error occaecati soluta et enim nihil quae. Ut qui qui nesciunt voluptates voluptatum et ut. Repellat molestiae qui voluptas nobis. In sint dolorem a autem ut.','Non praesentium deserunt ratione. Ea accusamus sit adipisci voluptatibus. Earum corrupti laboriosam libero deserunt vero ut. Laborum officia eos labore. Voluptas autem sit consequatur molestiae fugit quisquam laudantium et. Voluptate cum atque at quidem quas fuga non molestias. Qui aperiam est non culpa quo perspiciatis. Totam tenetur veniam eveniet quia voluptas sit. Architecto et et ut molestiae. Quia provident ut animi blanditiis sit ut doloremque. Exercitationem nam aut voluptas perferendis. Ex incidunt molestiae repudiandae qui. Suscipit aut veritatis commodi omnis suscipit. Aut perspiciatis aut molestias molestiae. Ad eos neque nihil laboriosam nesciunt unde. Id sunt dignissimos voluptas quae. Iusto non eum rerum ipsam nihil qui aliquam. Repellat exercitationem numquam aut ut aperiam molestiae voluptatem rerum. Autem debitis incidunt pariatur aliquam similique. In magni quia magni esse. Sapiente similique id dolores aut. Sunt hic eaque sint tempora illo. Et est dolorum repellat maiores officia nihil. Et tempore et sunt pariatur consequatur. Est omnis alias velit dolorem rem quos. Facilis ipsam et asperiores tenetur consequuntur. Harum iusto vitae sapiente ad totam. Iusto magni consequuntur omnis veritatis odio reprehenderit. Quas non velit voluptatem nihil qui autem. Tempora et sit deleniti esse iure. Repellendus laudantium voluptatibus sed quod. Sunt et recusandae cupiditate totam. Voluptates consequuntur incidunt cumque qui. Quia libero itaque fugit iure quaerat dolorem id et. Eaque porro perferendis tempora qui laudantium enim expedita. Non numquam blanditiis libero et ex. Sit et reiciendis iure velit placeat quos aperiam. Voluptatibus nulla nihil illo nesciunt. Distinctio aut qui dignissimos sed corporis saepe sed. Fugiat consequatur sit ab est animi perspiciatis. Repellat optio quasi omnis sunt corporis saepe. Ullam velit sequi molestiae eius in harum enim. Animi ratione ipsa in modi voluptates quae aut. Iusto ut repellendus nam aut libero eveniet.','1',11,1,'2023-05-24 22:33:23','2023-05-24 22:33:23'),(84,'Nihil recusandae velit omnis rerum rerum et.','nihil-recusandae-velit-omnis-rerum-rerum-et','Iusto a voluptatem provident. Harum neque provident quo omnis ipsum consequatur ut. Tenetur cumque dolores in sint odio magnam.','Suscipit qui voluptatem aspernatur nulla rem et quia. Voluptas aliquam quia quo quis excepturi. Iusto excepturi illo est illum cupiditate nesciunt. Dolores aliquam voluptatem corporis asperiores. Sit perspiciatis pariatur dolor id. Sit ut est consequatur suscipit voluptates. Voluptates maxime facere labore id. Molestiae nam voluptatem similique officia. Sint officia sint harum illo. Dolorem quia iste id itaque aperiam reprehenderit id. Molestiae quo maiores ut rerum. Voluptatum consectetur saepe ut ea laudantium. In maiores aut laudantium veniam nam quibusdam. Distinctio deleniti neque impedit totam. Corporis vero alias voluptatem non. Non recusandae magnam dolor voluptas qui et. Ipsam doloremque doloribus aperiam omnis maiores eveniet. Itaque quam accusamus eaque ducimus nihil facere voluptatem dolor. Quia eaque eum odio non veniam ut est consequuntur. Vel veritatis et ut occaecati. Reiciendis natus molestiae minus labore quo a incidunt. Numquam sit non eius quo dolorem aut culpa. Non corrupti molestias labore sunt commodi. Ea saepe qui laudantium aut perspiciatis laudantium modi. Officiis qui dignissimos illum qui consectetur consequatur dolore. Et non animi qui sit et fuga ratione. Nam corporis commodi eos at eum ut. Reprehenderit corporis sapiente nemo praesentium eveniet. Amet in nobis natus alias eaque. Et omnis aliquid maxime aut sed accusantium. Tempore doloremque est quia sit. Et voluptatum quisquam facere qui suscipit voluptas occaecati. Culpa aperiam sed aut maxime. Non unde quia quae eligendi excepturi voluptatibus. Impedit aliquam soluta aspernatur corporis eum animi dolores. Est ratione enim voluptates eligendi quia non ratione. Similique non at explicabo ea saepe aperiam perferendis. Commodi ex facere enim adipisci quis rerum. Reiciendis consequatur quia labore perferendis. Rerum cupiditate aliquam omnis possimus. Expedita numquam et culpa sit tempore doloribus.','2',2,2,'2023-05-24 22:33:23','2023-05-24 22:33:23'),(85,'Non voluptas ex aut eligendi accusamus.','non-voluptas-ex-aut-eligendi-accusamus','Sit rem perspiciatis illo laborum voluptatibus aperiam. Vitae iure quia tempore. Reiciendis itaque sint distinctio aut. Perspiciatis ut necessitatibus quaerat illum non cum.','Iure explicabo rerum qui et fugiat harum accusantium. Architecto nobis laudantium vitae. Consequatur doloribus est nemo voluptatem recusandae. Id qui aut ut et sed aut. Voluptate natus dolorum in aspernatur aut et iusto. Nobis non voluptatem atque est in temporibus. Reprehenderit voluptatem magnam tempore ipsa aut. Vero laudantium quaerat est aut sapiente. Debitis vel nesciunt soluta pariatur alias totam consectetur. Voluptas eaque quaerat eos animi voluptas illum. Sunt praesentium dolorum sunt magni maxime rem harum et. Minima numquam aut perspiciatis mollitia id voluptas. Autem at voluptatem autem voluptate quia. Quas est et in error. Eos accusantium voluptatem optio aperiam rerum repudiandae ut. Fugit laboriosam odit delectus repudiandae. Eaque voluptatem voluptate reprehenderit est dolor. Asperiores adipisci quo voluptatem qui rerum ducimus natus. Eligendi voluptatum accusantium placeat explicabo nam aut quia iste. Sequi quia id voluptate consequuntur. Recusandae laborum recusandae minima quia temporibus. Numquam eius nam quisquam inventore et. Et et qui similique adipisci quod. Eaque sunt et nesciunt assumenda qui. Corrupti voluptate itaque quasi rerum. Ad doloribus sint reiciendis quod eum. Distinctio aut occaecati molestiae et praesentium sed inventore. Illum officia hic itaque. Molestias enim incidunt ipsum et quia. Labore minus dolorum numquam dolores eos delectus aut. Magni sed est ipsum et eius. Et alias consequatur sit nam similique quia. Et beatae illo ullam enim perferendis ullam. Quam dolore et ullam minus quia voluptatibus sit. Possimus aliquid ipsum aut pariatur molestiae sed. Ut quis cupiditate eveniet voluptatem nesciunt. Eum aspernatur impedit eum voluptas. Corrupti omnis nesciunt perferendis at corrupti non qui reprehenderit. Dolores at earum doloremque ut. Omnis earum aut corrupti eos repellat quas deserunt tempora.','1',11,4,'2023-05-24 22:33:23','2023-05-24 22:33:23'),(86,'Illum quos non rerum est magni aliquid.','illum-quos-non-rerum-est-magni-aliquid','Officiis delectus est et ratione sed. Eligendi non dolores animi sint aut. Assumenda magnam repellat nulla quo quis quo eligendi. Eos harum reprehenderit ut repudiandae inventore.','Occaecati neque est ad esse numquam dignissimos voluptatum. Mollitia sit soluta soluta impedit a magnam nihil. Optio odio at est quaerat. Aut expedita soluta debitis et. Fuga tenetur nam repellat suscipit vitae eum. Eligendi ut qui earum. Rerum dolor eaque molestias ipsa a debitis praesentium. Dicta quia ullam soluta nobis dicta. Tempore quo rem hic voluptatum voluptatem quae vitae fugiat. Ex ab eligendi quia sit laboriosam velit quibusdam. Dolores quo tempora temporibus quae. Repudiandae exercitationem aut aspernatur porro sit delectus impedit exercitationem. Dolores et aut expedita nisi. Reprehenderit voluptatem est sunt quibusdam vel voluptas dolor. Sint molestias quisquam velit qui fuga delectus. Rerum molestiae dolorum et voluptatem reprehenderit et. Unde autem odio iure. Magnam harum veritatis culpa deleniti voluptatem reiciendis error assumenda. Quis recusandae sequi unde voluptatem. Consequuntur est incidunt qui odio delectus. Alias ut tempore ipsa corrupti tenetur aut consequatur. Est est a error ipsum facilis voluptas. Quis dolorem doloribus asperiores doloremque quidem voluptatem harum. Cupiditate assumenda iste sit id. Laboriosam illo voluptatibus laborum illum. Amet voluptas et cumque veritatis. Nemo quod est rerum et eos. Sit iste quas ab quis inventore sed voluptas repellat. Excepturi iure est perspiciatis est aut ea aut. Accusamus eaque quos quibusdam. Qui et quia repudiandae est quibusdam harum. Magni nihil fugit alias sapiente. Id reprehenderit dicta dignissimos sed quia ipsa. Quidem voluptatum sit pariatur. Eos similique quis molestias illum dolorem consequatur aperiam. Ducimus ut qui quo exercitationem. Laborum dolor aut tenetur quis. Maiores voluptas doloribus voluptatem quas velit ut fuga praesentium. Non molestias enim deleniti dolores iste voluptas qui. Aut aut alias eum sit. Autem sint nesciunt exercitationem earum molestiae eum dolore. Omnis aspernatur alias explicabo.','1',6,3,'2023-05-24 22:33:23','2023-05-24 22:33:23'),(87,'Cupiditate sed et aut deleniti aut id illum sit.','cupiditate-sed-et-aut-deleniti-aut-id-illum-sit','Veniam dignissimos et quia qui perspiciatis et quae. Id in distinctio ipsum ipsum amet harum maiores et. Quia quibusdam aut sint est aperiam. Rerum aut doloremque numquam assumenda error accusantium.','Sed maxime rem quas aut nihil odio. Tenetur qui mollitia eum delectus et ab suscipit. Sint et sunt illum. Ut excepturi excepturi sed qui. Aut cum aut accusamus. Voluptatem inventore nisi qui voluptatem. Et quasi explicabo ratione qui inventore exercitationem illo aut. Modi quod dolorem id fugit qui. Sint voluptatibus tenetur error beatae natus illo. Maiores blanditiis quibusdam reprehenderit ea et. Sint est autem aliquid quaerat nam. Ab ad omnis ducimus aut voluptatem architecto error. Quaerat nam vitae ut quibusdam assumenda omnis est doloribus. Nam quisquam molestias et esse. Ea officia fuga velit repellat quos. Expedita minima delectus cupiditate doloremque sunt laborum deleniti. Dolorem architecto et deserunt rem molestiae voluptatibus. Officia soluta autem dolorem. Assumenda molestiae omnis et autem est ratione asperiores. Tempore earum voluptatum asperiores aut et quae. Placeat omnis non modi ab expedita iure qui. Architecto dolor suscipit corrupti quam. Ut sit molestiae natus ut molestiae tenetur. Quaerat itaque maiores illum praesentium ut. Dolorum debitis soluta excepturi quia eos. Minus quia nisi consectetur. Blanditiis quibusdam non qui. Natus aut aliquid molestiae aut et. Et adipisci quibusdam quia est impedit possimus qui modi. Ex dolorum odio blanditiis commodi. Aliquam autem odio porro officiis quia ullam vel. Nesciunt nemo consequatur excepturi ab sunt. Quasi deleniti in et commodi et. Nostrum adipisci culpa quam magnam nobis. Adipisci laboriosam architecto expedita minima necessitatibus qui. Consequatur dolorum nihil laborum modi dolor est. Qui eius ullam nihil quia ab vero explicabo. Fuga porro quia a quos quidem est ea. Aut commodi ut unde dolor velit cupiditate perspiciatis tempore. Sapiente velit ullam in. Culpa dolorem incidunt dolor illo. Doloremque ex libero amet saepe aut. Repellendus laboriosam voluptatum in enim. Nemo minima et non error mollitia veritatis. Alias in quas id voluptatem consequatur et. Nesciunt harum cumque placeat.','2',5,1,'2023-05-24 22:33:23','2023-05-24 22:33:23'),(88,'Magni minus aut eum.','magni-minus-aut-eum','Corporis sit asperiores quia voluptas. Ad repellat rerum velit qui nihil ut.','Vel possimus atque minus aut neque ea. Reprehenderit voluptatem veniam dolores hic omnis sunt. Corporis nemo sed repellat sit aut tempore. Aut commodi omnis rerum rem dolorem. Nulla ut voluptates ut dolorum amet minima. Est tempore incidunt sit illum ab. Ratione dolores voluptates repellat dolorem quos ab quia. Illo odit eaque sint laboriosam. Quia voluptas molestiae libero provident omnis odio placeat quisquam. Ex voluptatibus illum culpa dolorem quia et. Sit dolor placeat eveniet adipisci fuga quia non. Beatae illo nobis quas eum corrupti vel ratione. Saepe modi ducimus totam et ut. At alias error dolores natus vel eos. Dolorem laudantium officiis libero aut iste. Ducimus accusantium quis quis at voluptas reprehenderit libero quasi. Eaque iste quia deserunt voluptatum dicta. Harum ut nostrum est excepturi. Dolor natus soluta eos recusandae aperiam provident sunt aut. Omnis id porro doloremque architecto necessitatibus voluptatem sequi voluptatibus. Sapiente sit architecto sed qui nisi in. Fugiat qui velit accusantium explicabo aut maiores. Rerum unde iste eius distinctio dolor nihil vitae. Eligendi minima et ab. Voluptate qui non vero qui molestias ullam quia. Eum autem possimus eveniet eos beatae cum nemo fuga. Nostrum sunt quia a aut. Inventore omnis et consequatur ipsam nisi velit. Ipsam eum sint eaque animi aliquam. Explicabo quo ut incidunt vitae et. Vero blanditiis aut accusantium vel aliquid corporis unde. Dolor et accusamus porro. Corrupti blanditiis eius esse molestiae et doloremque amet distinctio. Aliquam aut sunt dolor inventore sint iste omnis. Est ad fugit ut consequatur doloribus accusantium. Ipsam aliquid porro facere quia ut accusamus et. Cupiditate aut ipsa sunt perferendis facere quia.','1',9,3,'2023-05-24 22:33:23','2023-05-24 22:33:23'),(89,'Dignissimos aliquam quo et.','dignissimos-aliquam-quo-et','Illo soluta pariatur corrupti qui quae. Architecto harum ad voluptates enim aspernatur ea. Iste expedita sequi quo ut qui eligendi asperiores. Eaque mollitia vel saepe voluptatem omnis ut voluptatem.','Vel quo atque est architecto nostrum modi eius. Quas quidem deserunt quo fugiat omnis dolor. Possimus optio temporibus unde nihil in velit aliquid mollitia. Consequuntur et eos voluptatum voluptates provident. Voluptate sequi inventore reprehenderit velit voluptas saepe velit. Quam minus quis nihil vero. Sed architecto debitis iusto cupiditate. Officiis est voluptate in. Iure rerum qui saepe ex expedita. Sequi id consequatur ut aperiam ea ratione cum praesentium. Ea sed eveniet ea voluptate non earum aliquam consectetur. Placeat modi nobis et ad molestiae perferendis. Consequatur omnis recusandae aut saepe voluptas. Unde aut quaerat adipisci quibusdam. Dicta consequuntur non impedit cupiditate saepe dolore fugiat. Voluptas laudantium id ratione omnis voluptatem. Necessitatibus est explicabo temporibus rerum. Voluptas quos neque ab autem. Harum facilis voluptas nisi cupiditate provident aut. Natus impedit sint voluptate consequuntur. Sed assumenda doloremque architecto facilis aliquam. Nobis aut alias laborum ipsam accusantium velit explicabo. Velit deleniti aliquid ab velit. Dolores recusandae quia debitis minus. Sequi quia nemo aut beatae corporis. Voluptatum id laboriosam et. Soluta eligendi sequi qui vero soluta. Mollitia itaque cumque aliquam aspernatur vel mollitia. Non quasi cum in modi deleniti voluptas quidem ut. Sit suscipit aut ex est ea placeat ea saepe. Et nisi nam vitae recusandae quo. Occaecati et fuga veniam similique ut. Molestiae autem eos et doloribus omnis ratione. Ipsa nam laboriosam aut aut molestiae exercitationem saepe quia. Sint dolorem rerum sunt consequuntur. Iste sed tenetur facilis a inventore non assumenda ad. Quo et culpa dicta aspernatur id id veritatis. At fugit ut possimus repudiandae magnam at saepe perferendis. Minus excepturi totam similique labore adipisci quaerat sit occaecati.','1',1,2,'2023-05-24 22:33:23','2023-05-24 22:33:23'),(90,'Suscipit enim nemo iste est sint qui.','suscipit-enim-nemo-iste-est-sint-qui','Aperiam dolor amet nam ut est voluptate. Minima veniam nostrum pariatur ratione ea sint. Exercitationem aut voluptatem dolores sunt neque voluptas. Et dicta quia ut illo voluptatem nemo.','Quo omnis non iure tenetur mollitia. In facilis dicta optio velit dolores adipisci sunt. Voluptatibus perspiciatis et in omnis accusantium. Asperiores assumenda dolorum et deserunt non maxime sint esse. Vel non maiores quibusdam in quasi repellendus ipsum. Est sint delectus magnam praesentium magni reprehenderit. Natus dolorem consequatur velit voluptas perferendis enim ea. Iusto dolor et ipsum rerum laboriosam. Et sint amet delectus sequi iusto neque. In quam deleniti consequatur architecto. Odio quia impedit architecto voluptatibus. Commodi dolor deserunt totam facere reiciendis. Tempore magnam assumenda delectus hic blanditiis. Modi aperiam magnam aut inventore tenetur. Atque labore quis veritatis qui enim non ea. Eum reiciendis velit iure labore similique. Sit et quam at veritatis pariatur quis. Vero autem dolorem dolore corrupti et iure eveniet. Ab quasi minima cupiditate aperiam. Natus magni dolor quam ducimus voluptatibus. Quo eum debitis consequuntur aliquam. Expedita qui unde blanditiis distinctio explicabo. Accusantium deleniti similique quis animi laborum omnis alias. Error sint accusamus est dolores beatae occaecati inventore. Nam sed voluptatum fuga vel ut qui sit reprehenderit. Porro ut dolores molestias qui sunt nesciunt. Ut eos quod autem ullam cumque consectetur exercitationem. Laborum eligendi corporis qui eum id ut explicabo veniam. Dolor veniam in aspernatur rerum. Rerum fugiat aut tempora debitis placeat. Aliquid et ut adipisci dolor. Quae ducimus quos qui officiis dolor est voluptatem ducimus. Ipsam dolores quidem quam molestiae dolor libero in. Porro quia minima enim eum sint. Dolorem consequuntur unde pariatur quos dicta. Ullam illo dolor velit aperiam repellat asperiores. Minima aut delectus non non. Cumque aut sed delectus dolorem fugit provident accusantium. Qui qui et aut aliquid. Aliquid quaerat rerum laudantium id repellendus praesentium consectetur.','2',6,4,'2023-05-24 22:33:23','2023-05-24 22:33:23'),(91,'Et aut delectus voluptas consectetur.','et-aut-delectus-voluptas-consectetur','Rerum explicabo et temporibus animi id perspiciatis. Id aut nemo asperiores ut sint optio. Nulla optio numquam nulla dolore id fugiat est.','Placeat iusto doloremque velit minima minus eveniet quo est. Culpa consectetur eos accusantium quos. Quia possimus sint et eum occaecati nobis et. Id sapiente qui et necessitatibus ipsam aliquid soluta. Soluta consequatur quo quaerat pariatur animi sit officiis quo. Aut repudiandae tempora quam minima sed. Quas ut sit et soluta voluptatibus veniam debitis in. Laboriosam rem ut totam beatae odio nostrum aut. Esse repellat provident dolores atque ducimus earum omnis. Corporis voluptatibus vero natus beatae vel a voluptas. Quia rerum voluptatum iure et. Cum magni voluptates maiores in recusandae. Est autem inventore ut id. Consequatur qui adipisci delectus harum eum magnam enim. Aut ex ea accusamus voluptatem labore ea voluptatum porro. Temporibus voluptas soluta possimus numquam. Fugiat eveniet ut magnam explicabo saepe minus. Laudantium pariatur aliquid dignissimos et. Corporis laudantium impedit illum minus et dolor ipsum. Architecto asperiores officiis ut debitis provident. Quis minima minus consequatur officiis odio fuga rerum ullam. Architecto praesentium sunt repudiandae autem. Maiores voluptatem aut vel esse neque ut. Explicabo expedita non quod. Voluptas exercitationem fugit ex totam commodi et. Animi eos rem iusto doloribus. Minima sed mollitia voluptas repudiandae blanditiis omnis. Nam nemo ex nam consequatur error. Vel est inventore sint vitae. Esse beatae non quas eos eum. Facilis nesciunt omnis ipsa velit consequatur sint occaecati. Sapiente odio sed et consequatur et quas. Voluptatem maiores eaque eum error corrupti doloribus soluta. Tempora inventore labore cupiditate possimus. Sit impedit totam et totam aperiam officiis debitis aut. Officia omnis ut dolorem vitae ducimus suscipit. Doloremque et nesciunt ipsa repudiandae laudantium et. Libero ut magnam laboriosam et.','1',9,2,'2023-05-24 22:33:23','2023-05-24 22:33:23'),(92,'Labore provident qui cumque mollitia.','labore-provident-qui-cumque-mollitia','Consequatur at velit quia omnis velit quibusdam. Ut quia quisquam nemo ratione velit. Impedit omnis asperiores unde adipisci nulla quia et.','Tenetur dignissimos ut in repudiandae vero qui ratione. Commodi ea autem rem est voluptatem officiis ex aut. Rerum quod aut totam quisquam repudiandae sunt vero omnis. Tenetur qui esse maxime. Qui fugiat dolorem corporis officiis aut. Voluptate quaerat autem numquam sint. Beatae vero modi voluptate molestiae adipisci. Eos dignissimos qui alias facilis sit. Quo et omnis aperiam eligendi vel facilis doloremque. Velit voluptatem nam quisquam placeat. Et omnis magni corporis commodi. Sit ullam mollitia et et deleniti sit. Dolorum veritatis blanditiis rerum et iste necessitatibus hic. Molestias laudantium possimus nostrum quia ut voluptate. Dolor fugiat itaque vel tenetur quibusdam. Facere esse voluptas omnis iure quae illo. Sit accusantium et rem saepe consequatur. Quo et aut soluta sit ratione rerum magnam. Quia laborum impedit officia itaque placeat ullam. Esse quidem aut eos et temporibus molestiae. Ipsum velit numquam et deserunt sed. Quia consequatur doloremque ad odit fugiat cumque consequatur. Sed eaque quia temporibus officiis et ab quas id. Placeat eligendi nemo delectus qui. Quae similique dolorem et quaerat. Debitis mollitia blanditiis doloribus culpa. Nostrum veritatis suscipit cumque ut veniam quod aut. Est quos molestiae aperiam omnis. Autem nobis impedit nam omnis aperiam. Dignissimos et dolorem sed molestiae id. Inventore repudiandae quo quia quia et. Quia libero corporis fuga facere autem harum. Nihil ea non perferendis tempora sunt ea. Et sunt quaerat rerum ut atque voluptas. Et ut voluptas earum. Alias molestiae dicta voluptatibus ullam quo dolorem. Exercitationem omnis ex veritatis et. Doloribus est nihil similique ea. Repellat adipisci neque labore magnam. Porro laboriosam ratione laborum. Eveniet velit quis cum. Qui blanditiis nam blanditiis aut harum sed. Et quae fugiat omnis reiciendis. Eaque explicabo et corporis neque earum neque.','1',2,3,'2023-05-24 22:33:23','2023-05-24 22:33:23'),(93,'Id quasi sequi expedita officiis impedit consequatur.','id-quasi-sequi-expedita-officiis-impedit-consequatur','Quos est officia vel qui at id nisi. Et veniam voluptate animi nobis error velit fugit. Cumque iure nisi maiores aut aut laudantium. A quos nobis odio at.','Ex velit distinctio ut occaecati quidem. Repellendus quae occaecati eos aut. In rerum doloribus beatae asperiores alias sunt quo. Animi laboriosam occaecati ducimus qui vitae velit aut quis. Et rerum blanditiis quasi excepturi. Sit omnis repellendus commodi exercitationem qui. Repudiandae et fugiat esse illo. Eos aperiam nobis cupiditate nihil quisquam ea. Est at explicabo iure debitis facere. Libero voluptatibus at aperiam qui et ipsam. Distinctio doloremque aut cum tempora quis. Omnis reiciendis debitis omnis et est dolore consectetur. Ut omnis sunt eligendi quis iure cumque dolores molestiae. Harum et sit error facilis. Officia veritatis debitis dignissimos accusantium quos. Non incidunt fuga ut aut rem ipsa. Et aut quod et. Aut sed et non consequatur in. Labore ducimus expedita eligendi omnis ipsum ipsam. Illo sit eius reprehenderit vel laboriosam magnam et. Ex enim veniam ut quasi sit dolores qui. Laborum ipsam voluptates est odit adipisci. Iste quis architecto qui iusto. Voluptatibus quo maxime ipsam ratione saepe ea. Sequi officia provident fugiat voluptates quis id nobis. Itaque sit facere deleniti ut dolore amet. Quis eligendi quia eum dignissimos voluptatum quia odio. Corrupti autem ut labore est est laudantium sit vel. Aut minima inventore iusto aut et qui. Repudiandae voluptatum asperiores eum corporis sit. Impedit qui est officia qui quia. Doloribus ut animi voluptatem doloremque voluptatem maxime. Voluptatem dicta voluptatum architecto sunt sint fugiat. Quas nulla adipisci et asperiores reiciendis quis. Necessitatibus iusto magni rerum assumenda quis voluptates asperiores. Magni quia in maxime ratione fugit minima. Dicta pariatur a dicta minus occaecati sit. Enim voluptatibus veritatis iure voluptas consequatur et. Sit eligendi labore iure sed eos qui rerum. Sed omnis dolore architecto odit eum beatae ut unde. Dolorem delectus et quis est consequuntur quas distinctio. Velit fugiat vel quae in quia. Voluptate ex laudantium non rem.','2',7,4,'2023-05-24 22:33:23','2023-05-24 22:33:23'),(94,'Veniam et facilis et qui.','veniam-et-facilis-et-qui','Repellendus dolore iure reiciendis qui sunt. Velit est cupiditate expedita dolor. Earum excepturi cumque aut totam expedita sit unde.','Velit corporis voluptas repellendus eius in vel qui magni. Laboriosam ut et libero dolorem quidem. Molestiae molestiae vitae et dignissimos id numquam itaque. Aliquid ab dolorem officia et in. Reiciendis veritatis hic incidunt est. Doloribus dolorem aut sapiente fugit quia. Sequi velit eum perspiciatis deserunt iure quia soluta. Cum ut reiciendis velit quo autem. Consectetur et eum qui eos doloremque a. Accusamus mollitia quo libero et dolorum. Autem est omnis magni expedita eaque. Ipsum omnis repellendus corrupti temporibus quis. Aperiam hic et facilis ducimus at. Est ipsum dolore quaerat et numquam blanditiis ut. Voluptas facilis tempora quam et ut autem. Nihil autem enim architecto quasi omnis et quis. Totam soluta et iste eveniet sint ut. Dicta sit magni quia et aspernatur. Molestiae consequatur illo culpa sequi inventore eius. Quaerat voluptate pariatur quibusdam corporis. Fugiat facere aliquid dolores sed nulla dolor voluptates. Numquam ratione sint aut voluptatem porro consequatur reiciendis. Vitae optio repudiandae quaerat assumenda beatae modi non. Voluptatibus et dolore qui sit quisquam culpa. Iure dignissimos quia delectus aut consequuntur eos ea et. Consectetur consectetur tempora doloremque quas illum. Expedita assumenda sit dicta at eos consequatur quod quibusdam. Id quam id quia natus aspernatur omnis non. Et modi velit magni aut maiores nostrum. Iure molestias harum quam hic quo. Architecto hic distinctio est qui. Provident adipisci et occaecati ullam iure. Sunt architecto repellendus quas rerum quia. Sequi enim incidunt fugit dicta culpa qui vel quas. Magni aut sunt in. Non rerum et delectus quod ducimus exercitationem est dolorem. Modi quaerat provident dolores vero. Tempore eum quae aut dolore. Sed voluptatum nesciunt at aspernatur. Ab vitae perspiciatis harum quae. Rem quis quis quis qui eos et. Culpa commodi consequatur neque ab.','1',3,1,'2023-05-24 22:33:23','2023-05-24 22:33:23'),(95,'Quam sed harum quasi et.','quam-sed-harum-quasi-et','Animi hic inventore et natus quia voluptas. Quia sit iste eum qui nihil non minus doloribus. Quam quidem consequatur molestias cumque qui non qui. Fugiat cumque quasi iusto sunt officiis tempora dolorem.','Nihil optio vel id sed aut voluptatem eos. Molestiae error dignissimos repellendus et nihil. Voluptas hic reiciendis et quas fugiat aut. Error consectetur soluta quia molestiae. Et veritatis voluptatem quia quos. Quia nihil eum architecto et. Et earum et aut quaerat. Autem adipisci quae aspernatur maxime enim rerum et. Veniam corrupti non ipsum ut mollitia eos cum. Enim ab hic quidem. Quia quia harum facere iste placeat deleniti et sunt. Voluptatibus reprehenderit commodi quam explicabo. Molestiae esse et non ea at sit voluptas. Dolor cumque eum quo quo quia quos. Qui laudantium ea fugit harum qui qui. Nihil earum quo sit voluptate nihil est provident. Recusandae doloremque rerum earum laudantium ea. Inventore tempora quam est excepturi. Voluptas temporibus blanditiis et consequatur officia. Doloremque eaque molestiae vero ut. Temporibus quos accusantium voluptas similique. Quia velit recusandae odio incidunt. Ab quas officiis ullam corporis quod neque. Qui esse a iste exercitationem velit. Quidem consequuntur optio qui id sunt deserunt. Dolores corporis veniam sed et porro. Et sint natus perferendis eligendi nostrum. Et qui quo autem aut qui molestiae reprehenderit ducimus. Dolorum non ut asperiores. Quia voluptatem laborum ex expedita repudiandae perspiciatis. Quia molestiae odit et praesentium. Occaecati praesentium aut adipisci error. Harum asperiores autem dolor veniam et enim. Eum eum earum porro qui debitis. Assumenda quia dolor facere fuga. Eius eos deserunt maiores minima velit beatae. Non ut excepturi aliquam architecto maiores aut quia. Nobis dolores aut sunt sit qui et quia. Facilis reiciendis voluptatem architecto suscipit voluptas odio vero et. Laborum distinctio veritatis quia vel cum ut. Dicta deserunt eum dolor placeat. Suscipit reprehenderit saepe nesciunt nihil officiis. Eligendi delectus impedit assumenda id id. Quo rem laboriosam numquam qui.','1',9,2,'2023-05-24 22:33:23','2023-05-24 22:33:23'),(96,'Hic velit soluta natus laboriosam omnis et.','hic-velit-soluta-natus-laboriosam-omnis-et','Necessitatibus harum inventore quasi labore quisquam quos neque. Non nihil odit vel laboriosam eveniet et. Cumque voluptates exercitationem et commodi fugit magni enim. Et sint voluptatem aut.','Nam odit repellendus qui voluptates maiores non. Distinctio maiores saepe omnis possimus expedita iure. Molestiae quisquam molestias non omnis fugiat adipisci cupiditate. Qui laborum voluptas libero ut molestiae velit eaque. Aut et nobis rerum beatae cum. Expedita modi molestias soluta quo delectus voluptas. Quia voluptatibus neque id consectetur quia nemo tenetur. Non exercitationem excepturi quia fugit. Et neque in provident a est. Et quia veniam libero ratione dolorem. Animi corrupti quis saepe sunt ut assumenda. Iure rerum ut molestias tempora. Provident aliquid voluptates cum eos. Ut ut ratione blanditiis voluptate. Voluptas et nesciunt et eveniet placeat quam. Adipisci nostrum id illo reprehenderit optio omnis laudantium saepe. Atque sit in voluptatem consectetur minus omnis minus. Dolorem sapiente magnam error a. Dolor repudiandae vel quia amet occaecati molestiae deserunt. Dolorem sed porro perspiciatis nesciunt voluptate. Deserunt velit iusto autem at id itaque. Deserunt aut voluptas sit eos esse consectetur. Necessitatibus molestias temporibus hic nihil est. Quod fugiat laborum sunt autem. Voluptatibus dolores voluptates qui aut. Ut animi iste libero occaecati vel officiis alias. Voluptate qui labore reiciendis reiciendis quasi sunt rerum. Voluptatem rem officiis mollitia consequatur amet. Nostrum voluptate saepe occaecati animi accusantium ut. Voluptate voluptate voluptas veritatis nisi. Fugiat aut voluptatem iure odit nobis sed. Blanditiis quaerat sint molestiae libero est quam. Laborum minus iusto nobis nostrum rerum ad. Dolor in voluptatem sit. Modi saepe ratione dolorem aut dolores veniam alias eos. Consequatur adipisci numquam consequatur maiores. Et placeat et enim voluptas eum qui est. Perspiciatis at et laboriosam eos quam. Dolor optio exercitationem aliquam qui voluptatem eius sint qui. Quo velit eius fugit ea accusantium est.','2',5,1,'2023-05-24 22:33:23','2023-05-24 22:33:23'),(97,'Ratione molestiae quae provident.','ratione-molestiae-quae-provident','Molestiae molestiae exercitationem distinctio aut blanditiis quam temporibus. Totam distinctio veritatis magnam omnis dolores ea quae. Aliquid perferendis nulla quos a. Qui eos et aut perspiciatis dicta est sequi error.','Ut sit reprehenderit amet sed fugit. Facere quos debitis maiores voluptate deserunt. Adipisci quia quo est fuga eligendi occaecati rerum. Enim incidunt vel doloribus sint sint est quibusdam cupiditate. Sint doloremque ad ut consequatur. Eum enim quidem quidem. Possimus odit perferendis doloremque quia quia consequatur ipsa. Qui ea et tempora sed illo deserunt aspernatur. Voluptas officiis aut sed aut. Architecto ut sed nemo sunt est voluptas. Similique corporis maxime facilis quis quo quia. Voluptatem qui provident id. At ducimus quia dolores. Fugiat officia qui ut quia autem enim laborum repellendus. Aspernatur alias fuga voluptatibus inventore soluta. Aperiam est natus ratione. Culpa ut porro sunt. Quia qui deserunt aut sed labore vitae officia. Vel aut animi ullam aperiam minus est. Aut aut corporis explicabo non. Aut culpa in sint suscipit corrupti dolor sunt est. Et ullam assumenda id neque quisquam quam. Alias maxime voluptas rem est sint non vitae. Aut odit incidunt est quas commodi. Et eum voluptas quos quia. Cumque consequuntur repellendus odit eaque recusandae. Eligendi tenetur et laboriosam quam. Neque quasi consequatur ut omnis ipsam. Voluptatibus aliquid qui ratione modi. Officiis omnis nihil quia ut. Fuga autem quibusdam vitae id et iure. Enim cum quibusdam officiis qui. Qui omnis velit delectus perspiciatis id esse debitis laborum. Qui ad ea quo quis voluptatum voluptas eveniet. Est nihil non non facilis voluptatem et eius hic. Delectus cupiditate magni ducimus possimus modi enim minima. Sint asperiores tenetur eaque id dicta magni modi. Dolorem sit id eos qui iure. Recusandae repellat sed atque non qui reiciendis saepe. Sint soluta aliquid facilis nisi rerum. Dolores sint dicta distinctio. Consequatur saepe adipisci libero consequatur labore amet alias. Quam blanditiis quia eum doloribus aut praesentium. Quia nemo non temporibus minus eius cupiditate. Deleniti ratione ea illo rerum rerum. Quis quisquam tempora nesciunt in doloribus.','2',1,4,'2023-05-24 22:33:23','2023-05-24 22:33:23'),(98,'Aut ut quidem voluptate id.','aut-ut-quidem-voluptate-id','Consequuntur perferendis impedit voluptas tempora atque. Doloribus quasi qui earum impedit et. Cupiditate voluptates voluptas quasi nobis at. Necessitatibus sit voluptate eaque totam laboriosam quasi dolores.','Eum aut laudantium odit repellat et laboriosam est. Magnam quia quia tempora dolores. Soluta nesciunt corrupti blanditiis recusandae deleniti. Qui deleniti est nulla sed perferendis. Ipsa voluptatem non asperiores assumenda. Aperiam est ipsa iste ad. Magni quam reiciendis quos eos laboriosam porro laboriosam. Hic non optio iste est ullam itaque commodi. Aliquid vel iure et voluptas ducimus omnis. Consequatur distinctio voluptatibus nam ut et nostrum. Impedit amet dolore et velit. Voluptatem nihil itaque illum consequatur sequi. Consequatur reiciendis illo adipisci tempora. Sed odit nesciunt facilis perspiciatis dolor dolorem facilis. Sed facere officia ut aut. Dolor rerum similique velit cumque consectetur suscipit dolores. Consectetur ducimus qui consequuntur et ipsam sunt ut ea. Delectus doloribus consequatur veritatis nihil. Quia natus quia aliquid dolorem. Animi aut distinctio voluptas. Iste dolorem non modi maiores quia voluptatibus at. Dolorem perspiciatis occaecati ab voluptas. Rerum quas qui ut et est iure aut. Eligendi et doloremque vitae consequatur aut libero. Minus ducimus labore sunt voluptatem earum corporis minima. Eos necessitatibus aliquam omnis neque voluptas sunt enim. Illum et ut quia suscipit itaque non. Quod sint totam ut explicabo qui est ipsam a. Ipsam et omnis illum dolor consequatur rerum. Et sint harum mollitia distinctio. Iste quia commodi est enim voluptate. Quo autem magnam voluptates neque voluptas dolorem aut. Alias beatae nobis sapiente facere labore vitae. Unde ipsa quod in natus laborum rerum. Officiis et minima ipsum et sequi aut. Corrupti assumenda repellat est sit. Atque itaque modi porro. Voluptate porro corrupti non tenetur voluptatem officiis laborum. Dicta laudantium et repudiandae veniam distinctio facere voluptatum rem. Est quisquam autem soluta dolorem. Quo est officiis est repellat odit. Quas earum velit quisquam quos quo voluptatem. Quia quia labore earum animi hic vero quo qui.','2',3,1,'2023-05-24 22:33:23','2023-05-24 22:33:23'),(99,'Prueba backup.','quidem-blanditiis-totam-non-sed','Neque quo cum ut quia et fugit. Sit tenetur quos reiciendis quaerat autem ut. Ducimus aut iusto saepe ad aut veniam beatae. Rem molestiae dolorem non maiores voluptatum vitae. Quia reprehenderit qui sed sequi ut cupiditate minus voluptatibus.','Ut id ex explicabo ut aut. Eligendi ducimus et necessitatibus non rerum aut. Autem ut et molestiae natus. Optio maxime magni et dolores ut. Asperiores nisi itaque quia consequatur blanditiis tempora aut nobis. Adipisci aut libero et culpa error dolore doloribus. Quos dicta vero ut amet voluptatem ea. Molestias dicta expedita tempore quidem. Saepe consequatur sit sit rem corrupti natus ea ut. Cumque ad omnis architecto cupiditate. Dolor nesciunt accusamus et provident doloribus quam asperiores. Ad sit voluptatem odio in blanditiis laboriosam quod. Voluptatem nemo sit nihil quos eum. Illo nobis similique ut et sed. Hic quo dolorem dolor voluptates. Quo excepturi dolorem distinctio veritatis qui consequatur voluptate. Amet non quas dolores pariatur. Qui suscipit dolorum labore consectetur. Maxime expedita earum esse quo qui. Sequi alias nisi est quis distinctio. Odio beatae est et modi. Saepe vel voluptatibus tempora vero. Aut iste quis omnis voluptas eius rerum aut ducimus. Pariatur fugit dolorum voluptatem quibusdam commodi libero. Asperiores distinctio ut assumenda beatae assumenda cupiditate. Sapiente harum tempore blanditiis. Et deserunt ut aliquid voluptatem. Voluptatem ullam unde molestiae nostrum quis esse. Animi qui quibusdam sapiente tempore. Repudiandae et libero id dolorum. Quam nihil mollitia quis repellendus non praesentium voluptas cupiditate. Natus sed modi aut sit vel eveniet fugit nesciunt. In architecto architecto officia repellat. Beatae nostrum vel quos asperiores similique quibusdam. In voluptatibus aliquam qui explicabo esse. Amet ipsa voluptas voluptates ullam. In adipisci officiis est consequatur ut et ab sed. Optio et illo impedit itaque mollitia unde harum autem. Ab ut deserunt mollitia quaerat at quas. Dolores ut aspernatur blanditiis odio ut dolor earum. Recusandae praesentium assumenda aut veniam quis temporibus accusantium.','2',10,2,'2023-05-24 22:33:23','2023-05-24 22:33:23'),(100,'Adipisci quia a temporibus sunt.','adipisci-quia-a-temporibus-sunt','Id soluta sed aliquid eum. Quia ratione temporibus harum sit est eaque. Cupiditate sequi vel necessitatibus quo. Perspiciatis ipsam molestiae eaque tempore provident explicabo laboriosam consequuntur.','Voluptatem aut odit enim quisquam occaecati iste exercitationem. At harum velit delectus molestiae animi nihil voluptatum possimus. Non ratione et cum. Ut ut illum et debitis qui nobis amet. Aut quam odit consequatur voluptatem ratione. Et reiciendis modi libero dolores. Aut quae dolorem alias quisquam voluptas nemo. Est architecto ducimus eligendi blanditiis eaque accusamus blanditiis. Doloribus ipsam quisquam qui quod tenetur et velit et. Et rerum quisquam voluptatibus nulla qui culpa perferendis. Ducimus nesciunt et qui est at consectetur repudiandae. Dolore quibusdam soluta quis. Dignissimos eos assumenda aut dolore. Ut repellat molestiae occaecati impedit esse. Inventore et animi sint qui repellendus. Laborum recusandae in natus sit recusandae commodi itaque. Nam voluptas tenetur id nihil perspiciatis. Vel dolorum tempora consequatur ipsam molestiae. Fuga laudantium et illo dolorum. Cum provident consequatur quo distinctio minima. Facilis vel aut est omnis maxime. Neque itaque et eaque maiores porro placeat qui. Ut iste veniam autem cumque. Unde odit nam qui expedita ut est est. Commodi blanditiis et dolores aut. Beatae delectus dolore totam exercitationem repudiandae voluptatem tenetur. Recusandae labore ea ipsam voluptates. Quod quas numquam repudiandae ad. Ut pariatur possimus velit non itaque inventore. Enim error vel corporis cumque possimus delectus aut. Earum illo sequi earum blanditiis consectetur. Et cupiditate asperiores id et maxime. Nulla totam qui et tenetur. Quos dolorem dolor iure deleniti sunt maxime nobis. Molestiae temporibus qui aspernatur molestias et et. Pariatur ex est consectetur voluptatem accusamus dolorem iure. Porro eos quia dolores enim sit adipisci. Ut quasi suscipit fuga qui atque in et ut. Asperiores odio provident ad accusantium perferendis. Id perspiciatis dignissimos voluptas nostrum beatae quam voluptatem. Non praesentium explicabo illo voluptas dolor.','1',5,3,'2023-05-24 22:33:23','2023-05-24 22:33:23');
/*!40000 ALTER TABLE `posts` ENABLE KEYS */;
UNLOCK TABLES;

--
-- Table structure for table `role_has_permissions`
--

DROP TABLE IF EXISTS `role_has_permissions`;
/*!40101 SET @saved_cs_client     = @@character_set_client */;
/*!40101 SET character_set_client = utf8 */;
CREATE TABLE `role_has_permissions` (
  `permission_id` bigint(20) unsigned NOT NULL,
  `role_id` bigint(20) unsigned NOT NULL,
  PRIMARY KEY (`permission_id`,`role_id`),
  KEY `role_has_permissions_role_id_foreign` (`role_id`),
  CONSTRAINT `role_has_permissions_permission_id_foreign` FOREIGN KEY (`permission_id`) REFERENCES `permissions` (`id`) ON DELETE CASCADE,
  CONSTRAINT `role_has_permissions_role_id_foreign` FOREIGN KEY (`role_id`) REFERENCES `roles` (`id`) ON DELETE CASCADE
) ENGINE=InnoDB DEFAULT CHARSET=utf8mb4 COLLATE=utf8mb4_unicode_ci;
/*!40101 SET character_set_client = @saved_cs_client */;

--
-- Dumping data for table `role_has_permissions`
--

LOCK TABLES `role_has_permissions` WRITE;
/*!40000 ALTER TABLE `role_has_permissions` DISABLE KEYS */;
INSERT INTO `role_has_permissions` VALUES (1,1),(2,1),(3,1),(4,1),(5,1),(6,1),(7,1),(8,1),(9,1),(10,1),(11,1),(12,1),(13,1),(14,1),(15,1),(1,2),(12,2),(13,2),(14,2),(15,2);
/*!40000 ALTER TABLE `role_has_permissions` ENABLE KEYS */;
UNLOCK TABLES;

--
-- Table structure for table `roles`
--

DROP TABLE IF EXISTS `roles`;
/*!40101 SET @saved_cs_client     = @@character_set_client */;
/*!40101 SET character_set_client = utf8 */;
CREATE TABLE `roles` (
  `id` bigint(20) unsigned NOT NULL AUTO_INCREMENT,
  `name` varchar(255) COLLATE utf8mb4_unicode_ci NOT NULL,
  `guard_name` varchar(255) COLLATE utf8mb4_unicode_ci NOT NULL,
  `created_at` timestamp NULL DEFAULT NULL,
  `updated_at` timestamp NULL DEFAULT NULL,
  PRIMARY KEY (`id`),
  UNIQUE KEY `roles_name_guard_name_unique` (`name`,`guard_name`)
) ENGINE=InnoDB AUTO_INCREMENT=3 DEFAULT CHARSET=utf8mb4 COLLATE=utf8mb4_unicode_ci;
/*!40101 SET character_set_client = @saved_cs_client */;

--
-- Dumping data for table `roles`
--

LOCK TABLES `roles` WRITE;
/*!40000 ALTER TABLE `roles` DISABLE KEYS */;
INSERT INTO `roles` VALUES (1,'Admin','web','2023-05-24 22:33:19','2023-05-24 22:33:19'),(2,'Blogger','web','2023-05-24 22:33:19','2023-05-24 22:33:19');
/*!40000 ALTER TABLE `roles` ENABLE KEYS */;
UNLOCK TABLES;

--
-- Table structure for table `sessions`
--

DROP TABLE IF EXISTS `sessions`;
/*!40101 SET @saved_cs_client     = @@character_set_client */;
/*!40101 SET character_set_client = utf8 */;
CREATE TABLE `sessions` (
  `id` varchar(255) COLLATE utf8mb4_unicode_ci NOT NULL,
  `user_id` bigint(20) unsigned DEFAULT NULL,
  `ip_address` varchar(45) COLLATE utf8mb4_unicode_ci DEFAULT NULL,
  `user_agent` text COLLATE utf8mb4_unicode_ci,
  `payload` longtext COLLATE utf8mb4_unicode_ci NOT NULL,
  `last_activity` int(11) NOT NULL,
  PRIMARY KEY (`id`),
  KEY `sessions_user_id_index` (`user_id`),
  KEY `sessions_last_activity_index` (`last_activity`)
) ENGINE=InnoDB DEFAULT CHARSET=utf8mb4 COLLATE=utf8mb4_unicode_ci;
/*!40101 SET character_set_client = @saved_cs_client */;

--
-- Dumping data for table `sessions`
--

LOCK TABLES `sessions` WRITE;
/*!40000 ALTER TABLE `sessions` DISABLE KEYS */;
INSERT INTO `sessions` VALUES ('BbJmYrQZ6pjq9IchtdY6IDpfPOgpOybhdS4fcCqQ',NULL,'172.18.0.1','Mozilla/5.0 (Windows NT 10.0; Win64; x64) AppleWebKit/537.36 (KHTML, like Gecko) Chrome/113.0.0.0 Safari/537.36','YTozOntzOjY6Il90b2tlbiI7czo0MDoiQUdsa3RQbXhWUmlqcDFBbGdINDZWd1VycllYN2ZlODZkTXhGU3czVyI7czo5OiJfcHJldmlvdXMiO2E6MTp7czozOiJ1cmwiO3M6MjE6Imh0dHA6Ly9sb2NhbGhvc3Q6ODAwMCI7fXM6NjoiX2ZsYXNoIjthOjI6e3M6Mzoib2xkIjthOjA6e31zOjM6Im5ldyI7YTowOnt9fX0=',1684969990);
/*!40000 ALTER TABLE `sessions` ENABLE KEYS */;
UNLOCK TABLES;

--
-- Table structure for table `tags`
--

DROP TABLE IF EXISTS `tags`;
/*!40101 SET @saved_cs_client     = @@character_set_client */;
/*!40101 SET character_set_client = utf8 */;
CREATE TABLE `tags` (
  `id` bigint(20) unsigned NOT NULL AUTO_INCREMENT,
  `name` varchar(255) COLLATE utf8mb4_unicode_ci NOT NULL,
  `slug` varchar(255) COLLATE utf8mb4_unicode_ci NOT NULL,
  `color` varchar(255) COLLATE utf8mb4_unicode_ci NOT NULL,
  `created_at` timestamp NULL DEFAULT NULL,
  `updated_at` timestamp NULL DEFAULT NULL,
  PRIMARY KEY (`id`)
) ENGINE=InnoDB AUTO_INCREMENT=9 DEFAULT CHARSET=utf8mb4 COLLATE=utf8mb4_unicode_ci;
/*!40101 SET character_set_client = @saved_cs_client */;

--
-- Dumping data for table `tags`
--

LOCK TABLES `tags` WRITE;
/*!40000 ALTER TABLE `tags` DISABLE KEYS */;
INSERT INTO `tags` VALUES (1,'vel','vel','pink','2023-05-24 22:33:21','2023-05-24 22:33:21'),(2,'in','in','purple','2023-05-24 22:33:22','2023-05-24 22:33:22'),(3,'ex','ex','blue','2023-05-24 22:33:22','2023-05-24 22:33:22'),(4,'qui','qui','yellow','2023-05-24 22:33:22','2023-05-24 22:33:22'),(5,'delectus','delectus','green','2023-05-24 22:33:22','2023-05-24 22:33:22'),(6,'autem','autem','green','2023-05-24 22:33:22','2023-05-24 22:33:22'),(7,'cumque','cumque','blue','2023-05-24 22:33:22','2023-05-24 22:33:22'),(8,'minima','minima','indigo','2023-05-24 22:33:22','2023-05-24 22:33:22');
/*!40000 ALTER TABLE `tags` ENABLE KEYS */;
UNLOCK TABLES;

--
-- Table structure for table `users`
--

DROP TABLE IF EXISTS `users`;
/*!40101 SET @saved_cs_client     = @@character_set_client */;
/*!40101 SET character_set_client = utf8 */;
CREATE TABLE `users` (
  `id` bigint(20) unsigned NOT NULL AUTO_INCREMENT,
  `name` varchar(255) COLLATE utf8mb4_unicode_ci NOT NULL,
  `email` varchar(255) COLLATE utf8mb4_unicode_ci NOT NULL,
  `email_verified_at` timestamp NULL DEFAULT NULL,
  `password` varchar(255) COLLATE utf8mb4_unicode_ci NOT NULL,
  `two_factor_secret` text COLLATE utf8mb4_unicode_ci,
  `two_factor_recovery_codes` text COLLATE utf8mb4_unicode_ci,
  `two_factor_confirmed_at` timestamp NULL DEFAULT NULL,
  `remember_token` varchar(100) COLLATE utf8mb4_unicode_ci DEFAULT NULL,
  `current_team_id` bigint(20) unsigned DEFAULT NULL,
  `profile_photo_path` varchar(2048) COLLATE utf8mb4_unicode_ci DEFAULT NULL,
  `created_at` timestamp NULL DEFAULT NULL,
  `updated_at` timestamp NULL DEFAULT NULL,
  PRIMARY KEY (`id`),
  UNIQUE KEY `users_email_unique` (`email`)
) ENGINE=InnoDB AUTO_INCREMENT=12 DEFAULT CHARSET=utf8mb4 COLLATE=utf8mb4_unicode_ci;
/*!40101 SET character_set_client = @saved_cs_client */;

--
-- Dumping data for table `users`
--

LOCK TABLES `users` WRITE;
/*!40000 ALTER TABLE `users` DISABLE KEYS */;
INSERT INTO `users` VALUES (1,'Anthony Sandoval','tonyangry46@gmail.com',NULL,'$2y$10$Vb.AtVM/a5cuvbHQ5IQf/uKaSAA5DDCWFHHVQ9LKr/gsxjEFUK1jS',NULL,NULL,NULL,NULL,NULL,NULL,'2023-05-24 22:33:21','2023-05-24 22:33:21'),(2,'root','root@gmail.com',NULL,'$2y$10$bvVHzlAH66AOF2zfr36cdedFu7rzM3EysSSsZ0NDgtkD53QGAAXDC',NULL,NULL,NULL,NULL,NULL,NULL,'2023-05-24 22:33:21','2023-05-24 22:33:21'),(3,'Reginald Mraz','brakus.bert@example.com','2023-05-24 22:33:21','$2y$10$92IXUNpkjO0rOQ5byMi.Ye4oKoEa3Ro9llC/.og/at2.uheWG/igi',NULL,NULL,NULL,'dpdLoWEJnY',NULL,NULL,'2023-05-24 22:33:21','2023-05-24 22:33:21'),(4,'Nelson Johnson','ivory88@example.org','2023-05-24 22:33:21','$2y$10$92IXUNpkjO0rOQ5byMi.Ye4oKoEa3Ro9llC/.og/at2.uheWG/igi',NULL,NULL,NULL,'3IpGEF51Y2',NULL,NULL,'2023-05-24 22:33:21','2023-05-24 22:33:21'),(5,'Monica Raynor','fiona.blanda@example.net','2023-05-24 22:33:21','$2y$10$92IXUNpkjO0rOQ5byMi.Ye4oKoEa3Ro9llC/.og/at2.uheWG/igi',NULL,NULL,NULL,'RBZE5F4YuS',NULL,NULL,'2023-05-24 22:33:21','2023-05-24 22:33:21'),(6,'Prof. Graham Block DDS','nkertzmann@example.org','2023-05-24 22:33:21','$2y$10$92IXUNpkjO0rOQ5byMi.Ye4oKoEa3Ro9llC/.og/at2.uheWG/igi',NULL,NULL,NULL,'d1cgVuN4Om',NULL,NULL,'2023-05-24 22:33:21','2023-05-24 22:33:21'),(7,'Arlene Wyman','lewis85@example.org','2023-05-24 22:33:21','$2y$10$92IXUNpkjO0rOQ5byMi.Ye4oKoEa3Ro9llC/.og/at2.uheWG/igi',NULL,NULL,NULL,'BGI9pJReHh',NULL,NULL,'2023-05-24 22:33:21','2023-05-24 22:33:21'),(8,'Kurtis Simonis','fisher.sydnee@example.org','2023-05-24 22:33:21','$2y$10$92IXUNpkjO0rOQ5byMi.Ye4oKoEa3Ro9llC/.og/at2.uheWG/igi',NULL,NULL,NULL,'MpDVUxnMKB',NULL,NULL,'2023-05-24 22:33:21','2023-05-24 22:33:21'),(9,'Bria Gottlieb','edmund.herman@example.com','2023-05-24 22:33:21','$2y$10$92IXUNpkjO0rOQ5byMi.Ye4oKoEa3Ro9llC/.og/at2.uheWG/igi',NULL,NULL,NULL,'g9IVS5g863',NULL,NULL,'2023-05-24 22:33:21','2023-05-24 22:33:21'),(10,'Mr. Richmond Schuster','amina07@example.org','2023-05-24 22:33:21','$2y$10$92IXUNpkjO0rOQ5byMi.Ye4oKoEa3Ro9llC/.og/at2.uheWG/igi',NULL,NULL,NULL,'KvvuidNV04',NULL,NULL,'2023-05-24 22:33:21','2023-05-24 22:33:21'),(11,'Mozell Berge IV','marge.zboncak@example.org','2023-05-24 22:33:21','$2y$10$92IXUNpkjO0rOQ5byMi.Ye4oKoEa3Ro9llC/.og/at2.uheWG/igi',NULL,NULL,NULL,'kIGSHZ2gpL',NULL,NULL,'2023-05-24 22:33:21','2023-05-24 22:33:21');
/*!40000 ALTER TABLE `users` ENABLE KEYS */;
UNLOCK TABLES;
/*!40103 SET TIME_ZONE=@OLD_TIME_ZONE */;

/*!40101 SET SQL_MODE=@OLD_SQL_MODE */;
/*!40014 SET FOREIGN_KEY_CHECKS=@OLD_FOREIGN_KEY_CHECKS */;
/*!40014 SET UNIQUE_CHECKS=@OLD_UNIQUE_CHECKS */;
/*!40101 SET CHARACTER_SET_CLIENT=@OLD_CHARACTER_SET_CLIENT */;
/*!40101 SET CHARACTER_SET_RESULTS=@OLD_CHARACTER_SET_RESULTS */;
/*!40101 SET COLLATION_CONNECTION=@OLD_COLLATION_CONNECTION */;
/*!40111 SET SQL_NOTES=@OLD_SQL_NOTES */;

-- Dump completed on 2023-05-24 23:32:44
